20110330,2,2,2,0,0,0,0,0,0,0,0,0,0.0%,0,0,0,0,0
20110330,2,2,2,0,0,0,0,0,0,0,0,0,0.0%,0,0,0,0,0
20110331,2,2,2,0,0,0,0,0,0,0,0,0,0.0%,0,0,0,0,0
20110331,2,2,2,0,0,0,0,0,0,0,0,0,0.0%,0,0,0,0,0
20110401,2,2,2,0,0,0,0,0,0,0,0,0,0.0%,0,0,0,0,0
20110401,2,2,2,0,0,0,0,0,0,0,0,0,0.0%,0,0,0,0,0
20110402,2,2,2,0,0,0,0,0,0,0,0,0,0.0%,0,0,0,0,0
20110402,2,2,2,0,0,0,0,0,0,0,0,0,0.0%,0,0,0,0,0
20110403,2,2,2,0,0,0,0,0,0,0,0,0,0.0%,0,0,0,0,0
20110403,2,2,2,0,0,0,0,0,0,0,0,0,0.0%,0,0,0,0,0
20110404,2,2,2,0,0,0,0,0,0,0,0,0,0.0%,0,0,0,0,0
20110405,8,8,8,0,0,0,0,0,0,0,0,0,0.0%,0,0,0,0,0
20110405,8,8,8,0,0,0,0,0,0,0,0,0,0.0%,0,0,0,0,0
20110406,9,9,9,0,0,0,0,0,0,0,0,0,0.0%,0,0,0,0,0
20110406,9,9,9,0,0,0,0,0,0,0,0,0,0.0%,0,0,0,0,0
20110407,10,10,10,0,0,0,0,0,0,0,0,0,0.0%,0,0,0,0,0
20110407,10,10,10,0,0,0,0,0,0,0,0,0,0.0%,0,0,0,0,0
20110408,10,10,10,0,0,0,0,0,0,0,0,0,0.0%,0,0,0,0,0
20110408,10,10,10,0,0,0,0,0,0,0,0,0,0.0%,0,0,0,0,0
20110409,10,10,10,0,0,0,0,0,0,0,0,0,0.0%,0,0,0,0,0
20110409,10,10,10,0,0,0,0,0,0,0,0,0,0.0%,0,0,0,0,0
20110410,10,10,10,0,0,0,0,0,0,0,0,0,0.0%,0,0,0,0,0
20110410,10,10,10,0,0,0,0,0,0,0,0,0,0.0%,0,0,0,0,0
20110411,10,10,10,0,0,0,0,0,0,0,0,0,0.0%,0,0,0,0,0
20110411,10,10,10,0,0,0,0,0,0,0,0,0,0.0%,0,0,0,0,0
20110412,10,10,10,0,0,0,0,0,0,0,0,0,0.0%,0,0,0,0,0
20110412,10,10,10,0,0,0,0,0,0,0,0,0,0.0%,0,0,0,0,0
20110413,11,11,11,0,0,0,0,0,0,0,0,0,0.0%,0,0,0,0,0
20110413,11,11,11,0,0,0,0,0,0,0,0,0,0.0%,0,0,0,0,0
20110414,11,11,11,0,0,0,0,0,0,0,0,0,0.0%,0,0,0,0,0
20110414,11,11,11,0,0,0,0,0,0,0,0,0,0.0%,0,0,0,0,0
20110415,11,11,11,0,0,0,0,0,0,0,0,0,0.0%,0,0,0,0,0
20110415,11,11,11,0,0,0,0,0,0,0,0,0,0.0%,0,0,0,0,0
20110416,11,11,11,0,0,0,0,0,0,0,0,0,0.0%,0,0,0,0,0
20110416,11,11,11,0,0,0,0,0,0,0,0,0,0.0%,0,0,0,0,0
20110417,13,13,13,0,0,0,0,0,0,0,0,0,0.0%,0,0,0,0,0
20110417,13,13,13,0,0,0,0,0,0,0,0,0,0.0%,0,0,0,0,0
20110418,14,14,14,0,0,0,0,0,0,0,0,0,0.0%,0,0,0,0,0
20110418,14,14,14,0,0,0,0,0,0,0,0,0,0.0%,0,0,0,0,0
20110419,22,22,22,0,0,0,0,0,0,0,0,0,0.0%,0,0,0,0,0
20110419,24,24,24,0,0,0,0,0,0,0,0,0,0.0%,0,0,0,0,0
20110420,23,23,23,0,0,0,0,0,0,0,0,0,0.0%,0,0,0,0,0
20110420,23,23,23,0,0,0,0,0,0,0,0,0,0.0%,0,0,0,0,0
20110421,23,23,23,0,0,0,0,0,0,0,0,0,0.0%,0,0,0,0,0
20110421,23,23,23,0,0,0,0,0,0,0,0,0,0.0%,0,0,0,0,0
20110422,23,23,23,0,0,0,0,0,0,0,0,0,0.0%,0,0,0,0,0
20110422,23,23,23,0,0,0,0,0,0,0,0,0,0.0%,0,0,0,0,0
20110423,23,23,23,0,0,0,0,0,0,0,0,0,0.0%,0,0,0,0,0
20110423,23,23,23,0,0,0,0,0,0,0,0,0,0.0%,0,0,0,0,0
20110424,23,23,23,0,0,0,0,0,0,0,0,0,0.0%,0,0,0,0,0
20110424,23,23,23,0,0,0,0,0,0,0,0,0,0.0%,0,0,0,0,0
20110425,24,24,24,0,0,0,0,0,0,0,0,0,0.0%,0,0,0,0,0
20110425,25,25,25,0,0,0,0,0,0,0,0,0,0.0%,0,0,0,0,0
20110426,27,27,27,0,0,0,0,0,0,0,0,0,0.0%,0,0,0,0,0
20110426,28,28,28,0,0,0,0,0,0,0,0,0,0.0%,0,0,0,0,0
20110427,29,29,29,0,0,0,0,0,0,0,0,0,0.0%,0,0,0,0,0
20110428,28,28,28,0,0,0,0,0,0,0,0,0,0.0%,0,0,0,0,0
20110428,28,28,28,0,0,0,0,0,0,0,0,0,0.0%,0,0,0,0,0
20110429,29,29,29,0,0,0,0,0,0,0,0,0,0.0%,0,0,0,0,0
20110429,29,29,29,0,0,0,0,0,0,0,0,0,0.0%,0,0,0,0,0
20110430,31,31,31,0,0,0,0,0,0,0,0,0,0.0%,0,0,0,0,0
20110430,31,31,31,0,0,0,0,0,0,0,0,0,0.0%,0,0,0,0,0
20110501,31,31,31,0,0,0,0,0,0,0,0,0,0.0%,0,0,0,0,0
20110501,31,31,27,0,0,0,0,0,2,0,2,0,0.0%,0,0,0,0,0
20110502,31,30,24,1,0,0,0,0,3,0,4,0,0.0%,0,0,0,0,0
20110502,31,30,24,1,0,0,0,0,4,0,3,0,0.0%,0,0,0,0,0
20110503,31,30,23,1,0,0,0,0,4,0,4,0,0.0%,0,0,0,0,0
20110503,31,30,23,1,0,0,0,0,5,0,3,0,0.0%,0,0,0,0,0
20110504,31,30,23,1,0,0,1,0,4,0,3,0,0.0%,0,0,0,0,0
20110504,31,30,23,1,0,0,1,0,4,0,3,0,0.0%,0,0,0,0,0
20110505,31,28,17,3,0,0,1,0,6,0,7,0,0.0%,0,0,0,0,0
20110505,31,28,17,3,0,0,1,0,8,0,5,0,0.0%,0,0,0,0,0
20110506,31,28,17,3,0,0,2,0,8,0,4,0,0.0%,0,0,0,0,0
20110506,31,28,17,3,0,0,2,0,8,0,4,0,0.0%,0,0,0,0,0
20110507,32,29,18,3,0,0,2,0,8,0,4,0,0.0%,0,0,0,0,0
20110507,32,29,18,3,0,0,2,0,8,0,4,0,0.0%,0,0,0,0,0
20110508,32,29,18,3,0,0,2,0,8,0,4,0,0.0%,0,0,0,0,0
20110508,32,29,18,3,0,0,2,0,8,0,4,0,0.0%,0,0,0,0,0
20110509,32,29,18,3,0,0,2,0,8,0,4,0,0.0%,0,0,0,0,0
20110509,32,29,18,3,0,0,2,0,8,0,4,0,0.0%,0,0,0,0,0
20110510,32,29,17,3,0,0,1,0,6,0,8,0,0.0%,0,0,0,0,0
20110510,32,29,17,3,0,0,2,0,6,0,7,0,0.0%,0,0,0,0,0
20110511,32,29,17,3,0,0,2,0,6,0,7,0,0.0%,0,0,0,0,0
20110511,32,28,15,4,2,0,2,0,6,0,7,0,0.0%,0,0,0,0,0
20110512,32,27,15,5,1,0,2,0,5,0,9,0,0.0%,0,0,0,0,0
20110512,32,27,15,5,1,0,2,0,5,0,9,0,0.0%,0,0,0,0,0
20110513,32,24,8,8,5,0,3,0,7,0,9,0,0.0%,0,0,0,0,0
20110513,32,24,8,8,5,0,3,0,7,0,9,0,0.0%,0,0,0,0,0
20110514,32,23,8,9,5,0,3,0,7,0,9,0,0.0%,0,0,0,0,0
20110514,32,23,8,9,5,0,3,0,7,0,9,0,0.0%,0,0,0,0,0
20110515,32,23,8,9,5,0,3,0,7,0,9,0,0.0%,0,0,0,0,0
20110515,32,23,8,9,5,0,3,0,7,0,9,0,0.0%,0,0,0,0,0
20110516,32,22,8,9,5,1,3,0,7,0,9,0,0.0%,0,0,0,0,0
20110516,32,22,8,9,5,1,3,0,7,0,9,0,0.0%,0,0,0,0,0
20110517,32,22,8,9,5,1,4,0,6,0,9,0,0.0%,0,0,0,0,0
20110517,32,22,8,9,5,1,5,0,5,0,9,0,0.0%,0,0,0,0,0
20110518,32,22,8,9,5,1,5,0,5,0,9,0,0.0%,0,0,0,0,0
20110518,32,22,8,9,5,1,5,0,5,0,9,0,0.0%,0,0,0,0,0
20110519,32,21,8,9,5,2,5,0,5,0,9,0,0.0%,0,0,0,0,0
20110519,32,21,7,9,5,2,4,0,7,0,9,0,0.0%,0,0,0,0,0
20110520,32,21,7,9,5,2,4,0,6,0,10,0,0.0%,0,0,0,0,0
20110520,32,21,7,9,5,2,4,0,6,0,10,0,0.0%,0,0,0,0,0
20110521,32,21,7,9,5,2,4,0,6,0,10,0,0.0%,0,0,0,0,0
20110521,32,21,7,9,5,2,4,0,6,0,10,0,0.0%,0,0,0,0,0
20110522,32,21,7,9,5,2,4,0,5,0,11,0,0.0%,0,0,0,0,0
20110522,32,21,7,9,5,2,4,0,5,0,11,0,0.0%,0,0,0,0,0
20110523,32,21,7,9,5,2,4,0,5,0,11,0,0.0%,0,0,0,0,0
20110523,32,21,7,9,5,2,4,0,5,0,11,0,0.0%,0,0,0,0,0
20110524,32,20,1,10,5,2,1,0,5,0,20,0,0.0%,0,0,0,0,0
20110524,32,20,1,10,5,2,1,0,5,0,20,0,0.0%,0,0,0,0,0
20110525,32,19,1,10,5,3,1,0,6,0,19,0,0.0%,0,0,0,0,0
20110525,32,19,1,10,5,3,1,0,6,0,19,0,0.0%,0,0,0,0,0
20110526,32,18,1,10,5,4,1,0,6,0,19,0,0.0%,0,0,0,0,0
20110526,32,18,1,10,5,3,2,1,5,0,19,0,0.0%,0,0,0,0,0
20110527,32,17,1,11,2,3,1,1,9,0,19,0,0.0%,0,0,0,0,0
20110527,32,17,1,11,2,3,1,1,9,0,19,0,0.0%,0,0,0,0,0
20110528,32,17,1,11,2,3,1,1,9,0,19,0,0.0%,0,0,0,0,0
20110528,32,17,1,11,2,3,1,1,9,0,19,0,0.0%,0,0,0,0,0
20110529,32,17,1,11,2,2,1,2,9,0,19,0,0.0%,0,0,0,0,0
20110529,32,17,1,11,2,2,1,2,9,0,19,0,0.0%,0,0,0,0,0
20110530,32,17,1,11,2,2,1,2,9,0,19,0,0.0%,0,0,0,0,0
20110530,32,17,1,11,2,2,1,2,9,0,19,0,0.0%,0,0,0,0,0
20110531,32,16,1,11,2,3,2,2,8,0,19,0,0.0%,0,0,0,0,0
20110531,32,16,1,11,2,3,2,2,8,0,19,0,0.0%,0,0,0,0,0
20110601,32,15,0,10,2,5,3,2,3,0,24,0,0.0%,0,0,0,0,0
20110601,32,14,0,11,2,5,3,2,3,0,24,0,0.0%,0,0,0,0,0
20110602,32,12,0,12,0,6,5,2,3,0,24,0,0.0%,0,0,0,0,0
20110602,32,12,0,11,0,7,5,2,3,0,24,0,0.0%,0,0,0,0,0
20110603,32,6,0,15,0,7,3,4,4,0,25,0,0.0%,0,0,0,0,0
20110603,32,6,0,15,0,7,3,4,4,0,25,0,0.0%,0,0,0,0,0
20110604,32,3,0,12,0,11,3,6,4,0,25,0,0.0%,0,0,0,0,0
20110604,32,3,0,12,0,11,3,6,4,0,25,0,0.0%,0,0,0,0,0
20110605,32,3,0,12,0,10,3,7,4,0,25,0,0.0%,0,0,0,0,0
20110605,32,2,0,13,0,10,3,7,4,0,25,0,0.0%,0,0,0,0,0
20110606,32,1,0,11,0,9,3,11,4,0,25,0,0.0%,0,0,0,0,0
20110606,32,1,0,11,0,9,3,11,4,0,25,0,0.0%,0,0,0,0,0
20110607,32,0,0,8,0,8,3,10,4,6,25,0,0.0%,0,0,0,0,0
20110607,32,0,0,6,0,8,3,12,4,6,25,0,0.0%,0,0,0,0,0
20110608,32,0,0,2,0,5,0,15,7,10,25,0,0.0%,0,0,0,0,0
20110608,32,0,0,2,0,5,0,15,7,10,25,0,0.0%,0,0,0,0,0
20110609,32,0,0,0,0,4,0,17,4,11,28,0,0.0%,0,0,0,0,0
20110609,32,0,0,0,0,4,0,17,4,11,28,0,0.0%,0,0,0,0,0
20110610,32,0,0,0,0,0,0,20,2,12,30,0,0.0%,0,0,0,0,0
20110610,32,0,0,0,0,0,0,20,2,12,30,0,0.0%,0,0,0,0,0
20110611,32,0,0,0,0,0,0,20,2,12,30,0,0.0%,0,0,0,0,0
20110611,32,0,0,0,0,0,0,20,2,12,30,0,0.0%,0,0,0,0,0
20110612,32,0,0,0,0,0,0,20,2,12,30,0,0.0%,0,0,0,0,0
20110612,32,0,0,0,0,0,0,20,2,12,30,0,0.0%,0,0,0,0,0
20110613,32,0,0,0,0,0,0,20,2,12,30,0,0.0%,0,0,0,0,0
20110613,32,0,0,0,0,0,0,20,2,12,30,0,0.0%,0,0,0,0,0
20110614,32,0,0,0,0,0,0,20,2,12,30,0,0.0%,0,0,0,0,0
20110614,32,0,0,0,0,0,0,20,2,12,30,25,78.1%,7,0,0,0,0
20110615,32,0,0,0,0,0,0,20,2,12,30,25,78.1%,7,0,0,0,0
20110615,32,0,0,0,0,0,0,20,2,12,30,25,78.1%,7,0,0,0,0
20110616,32,0,0,0,0,0,0,20,2,12,30,25,78.1%,7,0,0,0,0
20110616,32,0,0,0,0,0,0,20,2,12,30,25,78.1%,7,0,0,0,0
20110617,32,0,0,0,0,0,0,20,2,12,30,25,78.1%,7,0,0,0,0
20110617,32,0,0,0,0,0,0,20,2,12,30,25,78.1%,7,0,0,0,0
20110618,32,0,0,0,0,0,0,20,2,12,30,25,78.1%,7,0,0,1,0
20110618,32,0,0,0,0,0,0,20,2,12,30,25,78.1%,7,0,0,1,0
20110619,32,0,0,0,0,0,0,20,2,12,30,25,78.1%,7,0,0,1,0
20110619,32,0,0,0,0,0,0,20,2,12,30,25,78.1%,7,0,0,1,0
20110620,32,0,0,0,0,0,0,20,2,12,30,25,78.1%,7,0,0,1,0
20110620,32,0,0,0,0,0,0,20,2,12,30,25,78.1%,7,0,0,1,0
20110621,32,0,0,0,0,0,0,20,2,12,30,25,78.1%,7,0,0,3,0
20110621,32,0,0,0,0,0,0,20,2,12,30,25,78.1%,7,0,0,3,0
20110622,32,0,0,0,0,0,0,20,2,12,30,25,78.1%,7,0,0,4,0
20110622,32,0,0,0,0,0,0,20,2,12,30,25,78.1%,7,0,0,4,0
20110623,32,0,0,0,0,0,0,20,2,12,30,25,78.1%,7,0,0,5,0
20110623,32,0,0,0,0,0,0,20,2,12,30,25,78.1%,7,0,0,5,0
20110624,32,0,0,0,0,0,0,20,2,12,30,25,78.1%,7,0,0,5,0
20110624,32,0,0,0,0,0,0,20,2,12,30,25,78.1%,7,0,0,5,0
20110625,32,0,0,0,0,0,0,20,2,12,30,25,78.1%,7,0,0,5,0
20110625,32,0,0,0,0,0,0,20,2,12,30,25,78.1%,7,0,0,5,0
20110626,32,0,0,0,0,0,0,20,2,12,30,25,78.1%,7,0,0,5,0
20110626,32,0,0,0,0,0,0,20,2,12,30,25,78.1%,7,0,0,5,0
20110627,32,0,0,0,0,0,0,20,2,12,30,25,78.1%,7,0,0,5,0
20110627,32,0,0,0,0,0,0,20,2,12,30,25,78.1%,7,0,0,5,0
20110628,32,0,0,0,0,0,0,20,2,12,30,25,78.1%,7,0,0,5,0
20110628,32,0,0,0,0,0,0,20,2,12,30,25,78.1%,7,0,0,5,0
20110629,32,0,0,0,0,0,0,20,2,12,30,25,78.1%,7,0,0,5,0
20110629,32,0,0,0,0,0,0,20,2,12,30,25,78.1%,7,0,0,5,0
20110630,32,0,0,0,0,0,0,20,2,12,30,25,78.1%,7,0,0,5,0
20110630,32,0,0,0,0,0,0,20,2,12,30,25,78.1%,7,0,0,5,0
20110701,32,0,0,0,0,0,0,20,2,12,30,25,78.1%,7,0,0,5,0
20110701,32,0,0,0,0,0,0,20,2,12,30,25,78.1%,7,0,0,5,0
20110702,32,0,0,0,0,0,0,20,2,12,30,25,78.1%,7,0,0,5,0
20110702,32,0,0,0,0,0,0,20,2,12,30,25,78.1%,7,0,0,5,0
20110703,32,0,0,0,0,0,0,20,2,12,30,25,78.1%,7,0,0,5,0
20110703,32,0,0,0,0,0,0,20,2,12,30,25,78.1%,7,0,0,5,0
20110704,32,0,0,0,0,0,0,20,2,12,30,25,78.1%,7,0,0,5,0
20110704,32,0,0,0,0,0,0,20,2,12,30,25,78.1%,7,0,0,5,0
20110705,32,0,0,0,0,0,0,20,2,12,30,25,78.1%,7,0,0,5,0
20110705,32,0,0,0,0,0,0,20,2,12,30,25,78.1%,7,0,0,5,0
20110706,32,0,0,0,0,0,0,20,2,12,30,25,78.1%,7,0,0,5,0
20110706,32,0,0,0,0,0,0,20,2,12,30,25,78.1%,7,0,0,5,0
20110707,32,0,0,0,0,0,0,20,2,12,30,25,78.1%,7,0,0,5,0
20110707,32,0,0,0,0,0,0,20,2,12,30,25,78.1%,7,0,0,5,0
20110708,32,0,0,0,0,0,0,20,2,12,30,25,78.1%,7,0,0,6,0
20110708,32,0,0,0,0,0,0,20,2,12,30,25,78.1%,7,0,0,6,0
20110709,32,0,0,0,0,0,0,20,2,12,30,25,78.1%,7,0,0,8,0
20110709,32,0,0,0,0,0,0,20,2,12,30,25,78.1%,7,0,0,8,0
20110710,32,0,0,0,0,0,0,20,2,12,30,25,78.1%,7,0,0,10,0
20110710,32,0,0,0,0,0,0,20,2,12,30,25,78.1%,7,0,0,10,0
20110711,32,0,0,0,0,0,0,20,2,12,30,25,78.1%,7,0,0,10,0
20110711,32,0,0,0,0,0,0,20,2,12,30,25,78.1%,7,0,0,10,0
20110712,32,0,0,0,0,0,0,20,2,12,30,25,78.1%,7,0,0,15,0
20110712,32,0,0,0,0,0,0,20,2,12,30,25,78.1%,7,0,0,15,0
20110713,32,0,0,0,0,0,0,20,2,12,30,25,78.1%,7,0,0,19,0
20110713,32,0,0,0,0,0,0,20,2,12,30,25,78.1%,7,0,0,19,0
20110714,32,0,0,0,0,0,0,20,2,12,30,25,78.1%,7,0,0,19,0
20110714,32,0,0,0,0,0,0,20,2,12,30,25,78.1%,7,0,0,19,0
20110715,32,0,0,0,0,0,0,20,2,12,30,25,78.1%,7,0,0,20,0
20110715,32,0,0,0,0,0,0,20,2,12,30,25,78.1%,7,0,0,20,0
20110716,32,0,0,0,0,0,0,20,2,12,30,25,78.1%,7,0,0,21,0
20110716,32,0,0,0,0,0,0,20,2,12,30,25,78.1%,7,0,0,21,0
20110717,32,0,0,0,0,0,0,20,2,12,30,25,78.1%,7,0,0,22,0
20110717,32,0,0,0,0,0,0,20,2,12,30,25,78.1%,7,0,0,22,0
20110718,32,0,0,0,0,0,0,20,2,12,30,25,78.1%,7,0,0,22,0
20110718,32,0,0,0,0,0,0,20,2,12,30,25,78.1%,7,0,0,22,0
20110719,32,0,0,0,0,0,0,20,2,12,30,25,78.1%,7,0,0,24,0
20110719,32,0,0,0,0,0,0,20,2,12,30,25,78.1%,7,0,0,24,0
20110720,32,0,0,0,0,0,0,20,2,12,30,25,78.1%,7,0,0,24,0
20110720,32,0,0,0,0,0,0,20,2,12,30,25,78.1%,7,0,0,25,0
20110721,32,0,0,0,0,0,0,20,2,12,30,25,78.1%,7,0,0,25,0
20110721,32,0,0,0,0,0,0,20,2,12,30,25,78.1%,7,0,0,25,0
20110722,32,0,0,0,0,0,0,20,2,12,30,25,78.1%,7,0,0,25,0
20110722,32,0,0,0,0,0,0,20,2,12,30,25,78.1%,7,0,0,25,0
20110723,32,0,0,0,0,0,0,20,2,12,30,25,78.1%,7,0,0,25,0
20110723,32,0,0,0,0,0,0,20,2,12,30,25,78.1%,7,0,0,25,0
20110724,32,0,0,0,0,0,0,20,2,12,30,25,78.1%,7,0,0,25,0
20110724,32,0,0,0,0,0,0,20,2,12,30,25,78.1%,7,0,0,25,0
20110725,32,0,0,0,0,0,0,20,2,12,30,25,78.1%,7,0,0,25,0
20110725,32,0,0,0,0,0,0,20,2,12,30,25,78.1%,7,0,0,25,0
20110726,32,0,0,0,0,0,0,20,2,12,30,25,78.1%,7,0,0,25,0
20110726,32,0,0,0,0,0,0,20,2,12,30,25,78.1%,7,0,0,25,0
20110727,32,0,0,0,0,0,0,20,2,12,30,25,78.1%,7,0,0,25,0
20110727,32,0,0,0,0,0,0,20,2,12,30,25,78.1%,7,0,0,25,0
20110728,32,0,0,0,0,0,0,20,2,12,30,25,78.1%,7,0,0,25,0
20110729,32,0,0,0,0,0,0,20,2,12,30,25,78.1%,7,0,0,25,0
20110730,32,0,0,0,0,0,0,20,2,12,30,25,78.1%,7,0,0,25,0
20110730,32,0,0,0,0,0,0,20,2,12,30,25,78.1%,7,0,0,25,0
20110731,32,0,0,0,0,0,0,20,2,12,30,25,78.1%,7,0,0,25,0
20110731,32,0,0,0,0,0,0,20,2,12,30,25,78.1%,7,0,0,25,0
20110801,32,0,0,0,0,0,0,20,2,12,30,25,78.1%,7,0,0,25,0
20110801,32,0,0,0,0,0,0,20,2,12,30,25,78.1%,7,0,0,25,0
20110802,32,0,0,0,0,0,0,20,2,12,30,25,78.1%,7,0,0,25,0
20110802,32,0,0,0,0,0,0,20,2,12,30,25,78.1%,7,0,0,25,0
20110803,32,0,0,0,0,0,0,20,2,12,30,25,78.1%,7,0,0,25,0
20110803,32,0,0,0,0,0,0,20,2,12,30,25,78.1%,7,0,0,25,0
20110804,32,0,0,0,0,0,0,20,2,12,30,25,78.1%,7,0,0,25,0
20110804,32,0,0,0,0,0,0,20,2,12,30,25,78.1%,7,0,0,25,0
20110805,32,0,0,0,0,0,0,20,2,12,30,25,78.1%,7,0,0,25,0
20110805,32,0,0,0,0,0,0,20,2,12,30,25,78.1%,7,0,0,25,0
20110806,32,0,0,0,0,0,0,20,2,12,30,25,78.1%,7,0,0,25,0
20110806,32,0,0,0,0,0,0,20,2,12,30,25,78.1%,7,0,0,25,0
20110807,32,0,0,0,0,0,0,20,2,12,30,25,78.1%,7,0,0,25,0
20110807,32,0,0,0,0,0,0,20,2,12,30,25,78.1%,7,0,0,25,0
20110808,32,0,0,0,0,0,0,20,2,12,30,25,78.1%,7,0,0,25,0
20110808,32,0,0,0,0,0,0,20,2,12,30,25,78.1%,7,0,0,25,0
20110809,32,0,0,0,0,0,0,20,2,12,30,25,78.1%,7,0,0,25,0
20110809,32,0,0,0,0,0,0,20,2,12,30,25,78.1%,7,0,0,25,0
20110810,32,0,0,0,0,0,0,20,2,12,30,25,78.1%,7,0,0,25,0
20110810,32,0,0,0,0,0,0,20,2,12,30,25,78.1%,7,0,0,25,0
20110811,32,0,0,0,0,0,0,20,2,12,30,25,78.1%,7,0,0,25,0
20110811,32,0,0,0,0,0,0,20,2,12,30,25,78.1%,7,0,0,25,0
20110812,32,0,0,0,0,0,0,20,2,12,30,25,78.1%,7,0,0,25,0
20110812,32,0,0,0,0,0,0,20,2,12,30,25,78.1%,7,0,0,25,0
20110813,32,0,0,0,0,0,0,20,2,12,30,25,78.1%,7,0,0,25,0
20110813,32,0,0,0,0,0,0,20,2,12,30,25,78.1%,7,0,0,25,0
20110814,32,0,0,0,0,0,0,20,2,12,30,25,78.1%,7,0,0,25,0
20110814,32,0,0,0,0,0,0,20,2,12,30,25,78.1%,7,0,0,25,0
20110815,32,0,0,0,0,0,0,20,2,12,30,25,78.1%,7,0,0,25,0
20110815,32,0,0,0,0,0,0,20,2,12,30,25,78.1%,7,0,0,25,0
20110816,32,0,0,0,0,0,0,20,2,12,30,25,78.1%,7,0,0,25,0
20110816,32,0,0,0,0,0,0,20,2,12,30,25,78.1%,7,0,0,25,0
20110817,32,0,0,0,0,0,0,20,2,12,30,25,78.1%,7,0,0,25,0
20110818,32,0,0,0,0,0,0,20,2,12,30,25,78.1%,7,0,0,25,0
20110818,32,0,0,0,0,0,0,20,2,12,30,25,78.1%,7,0,0,25,0
20110819,32,0,0,0,0,0,0,20,2,12,30,25,78.1%,7,0,0,25,0
20110819,32,0,0,0,0,0,0,20,2,12,30,25,78.1%,7,0,0,25,0
20110820,32,0,0,0,0,0,0,20,2,12,30,25,78.1%,7,0,0,25,0
20110820,32,0,0,0,0,0,0,20,2,12,30,25,78.1%,7,0,0,25,0
20110821,32,0,0,0,0,0,0,20,2,12,30,25,78.1%,7,0,0,25,0
20110821,32,0,0,0,0,0,0,20,2,12,30,25,78.1%,7,0,0,25,0
20110822,32,0,0,0,0,0,0,20,2,12,30,25,78.1%,7,0,0,25,0
20110822,32,0,0,0,0,0,0,20,2,12,30,25,78.1%,7,0,0,25,0
20110823,32,0,0,0,0,0,0,20,2,12,30,25,78.1%,7,0,0,25,0
20110823,32,0,0,0,0,0,0,20,2,12,30,25,78.1%,7,0,0,25,0
20110824,32,0,0,0,0,0,0,20,2,12,30,25,78.1%,7,0,0,25,0
20110824,32,0,0,0,0,0,0,20,2,12,30,25,78.1%,7,0,0,25,0
20110825,32,0,0,0,0,0,0,20,2,12,30,25,78.1%,7,0,0,25,0
20110825,32,0,0,0,0,0,0,20,2,12,30,25,78.1%,7,0,0,25,0
20110826,32,0,0,0,0,0,0,20,2,12,30,25,78.1%,7,0,0,25,0
20110826,32,0,0,0,0,0,0,20,2,12,30,25,78.1%,7,0,0,25,0
20110826,32,0,0,0,0,0,0,20,2,12,30,25,78.1%,7,0,0,25,0
20110826,32,0,0,0,0,0,0,20,2,12,30,25,78.1%,7,0,0,25,0
20110826,32,0,0,0,0,0,0,20,2,12,30,25,78.1%,7,0,0,25,0
20110827,32,0,0,0,0,0,0,20,2,12,30,25,78.1%,7,0,0,25,0
20110827,32,0,0,0,0,0,0,20,2,12,30,25,78.1%,7,0,0,25,0
20110828,32,0,0,0,0,0,0,20,2,12,30,25,78.1%,7,0,0,25,0
20110828,32,0,0,0,0,0,0,20,2,12,30,25,78.1%,7,0,0,25,0
20110829,32,0,0,0,0,0,0,20,2,12,30,25,78.1%,7,0,0,25,0
20110829,32,0,0,0,0,0,0,20,2,12,30,25,78.1%,7,0,0,25,0
20110830,32,0,0,0,0,0,0,20,2,12,30,25,78.1%,7,0,0,25,0
20110830,32,0,0,0,0,0,0,20,2,12,30,25,78.1%,7,0,0,25,0
20110831,32,0,0,0,0,0,0,20,2,12,30,25,78.1%,7,0,0,25,0
20110901,32,0,0,0,0,0,0,20,2,12,30,25,78.1%,7,0,0,25,0
20110902,32,0,0,0,0,0,0,20,2,12,30,25,78.1%,7,0,0,25,0
20110902,32,0,0,0,0,0,0,20,2,12,30,25,78.1%,7,0,0,25,0
20110903,32,0,0,0,0,0,0,20,2,12,30,25,78.1%,7,0,0,25,0
20110903,32,0,0,0,0,0,0,20,2,12,30,25,78.1%,7,0,0,25,0
20110904,32,0,0,0,0,0,0,20,2,12,30,25,78.1%,7,0,0,25,0
20110904,32,0,0,0,0,0,0,20,2,12,30,25,78.1%,7,0,0,25,0
20110905,32,0,0,0,0,0,0,20,2,12,30,25,78.1%,7,0,0,25,0
20110905,32,0,0,0,0,0,0,20,2,12,30,25,78.1%,7,0,0,25,0
20110906,32,0,0,0,0,0,0,20,2,12,30,25,78.1%,7,0,0,25,0
20110906,32,0,0,0,0,0,0,20,2,12,30,25,78.1%,7,0,0,25,0
20110907,32,0,0,0,0,0,0,20,2,12,30,25,78.1%,7,0,0,25,0
20110907,32,0,0,0,0,0,0,20,2,12,30,25,78.1%,7,0,0,25,0
20110908,32,0,0,0,0,0,0,20,2,12,30,25,78.1%,7,0,0,25,0
20110908,32,0,0,0,0,0,0,20,2,12,30,25,78.1%,7,0,0,25,0
20110909,32,0,0,0,0,0,0,20,2,12,30,25,78.1%,7,0,0,25,0
20110909,32,0,0,0,0,0,0,20,2,12,30,25,78.1%,7,0,0,25,0
20110910,32,0,0,0,0,0,0,20,2,12,30,25,78.1%,7,0,0,25,0
20110910,32,0,0,0,0,0,0,20,2,12,30,25,78.1%,7,0,0,25,0
20110911,32,0,0,0,0,0,0,20,2,12,30,25,78.1%,7,0,0,25,0
20110911,32,0,0,0,0,0,0,20,2,12,30,25,78.1%,7,0,0,25,0
20110912,32,0,0,0,0,0,0,20,2,12,30,25,78.1%,7,0,0,25,0
20110912,32,0,0,0,0,0,0,20,2,12,30,25,78.1%,7,0,0,25,0
20110913,32,0,0,0,0,0,0,20,2,12,30,25,78.1%,7,0,0,25,0
20110913,32,0,0,0,0,0,0,20,2,12,30,25,78.1%,7,0,0,25,0
20110914,32,0,0,0,0,0,0,20,2,12,30,25,78.1%,7,0,0,25,0
20110914,32,0,0,0,0,0,0,20,2,12,30,25,78.1%,7,0,0,25,0
20110915,32,0,0,0,0,0,0,20,2,12,30,25,78.1%,7,0,0,25,0
20110915,32,0,0,0,0,0,0,20,2,12,30,25,78.1%,7,0,0,25,0
20110916,32,0,0,0,0,0,0,20,2,12,30,25,78.1%,7,0,0,25,0
20110916,32,0,0,0,0,0,0,20,2,12,30,25,78.1%,7,0,0,25,0
20110917,32,0,0,0,0,0,0,20,2,12,30,25,78.1%,7,0,0,25,0
20110917,32,0,0,0,0,0,0,20,2,12,30,25,78.1%,7,0,0,25,0
20110918,32,0,0,0,0,0,0,20,2,12,30,25,78.1%,7,0,0,25,0
20110918,32,0,0,0,0,0,0,20,2,12,30,25,78.1%,7,0,0,25,0
20110919,32,0,0,0,0,0,0,20,2,12,30,25,78.1%,7,0,0,25,0
20110920,32,0,0,0,0,0,0,20,2,12,30,25,78.1%,7,0,0,25,0
20110920,32,0,0,0,0,0,0,20,2,12,30,25,78.1%,7,0,0,25,0
20110921,32,0,0,0,0,0,0,20,2,12,30,25,78.1%,7,0,0,25,0
20110921,32,0,0,0,0,0,0,20,2,12,30,25,78.1%,7,0,0,25,0
20110922,32,0,0,0,0,0,0,20,2,12,30,25,78.1%,7,0,0,25,0
20110922,32,0,0,0,0,0,0,20,2,12,30,25,78.1%,7,0,0,25,0
20110923,32,0,0,0,0,0,0,20,2,12,30,25,78.1%,7,0,0,25,0
20110923,32,0,0,0,0,0,0,20,2,12,30,25,78.1%,7,0,0,25,0
20110924,32,0,0,0,0,0,0,20,2,12,30,25,78.1%,7,0,0,25,0
20110924,32,0,0,0,0,0,0,20,2,12,30,25,78.1%,7,0,0,25,0
20110925,32,0,0,0,0,0,0,20,2,12,30,25,78.1%,7,0,0,25,0
20110925,32,0,0,0,0,0,0,20,2,12,30,25,78.1%,7,0,0,25,0
20110926,32,0,0,0,0,0,0,20,2,12,30,25,78.1%,7,0,0,25,0
20110926,32,0,0,0,0,0,0,20,2,12,30,25,78.1%,7,0,0,25,0
20110927,32,0,0,0,0,0,0,20,2,12,30,25,78.1%,7,0,0,25,0
20110927,32,0,0,0,0,0,0,20,2,12,30,25,78.1%,7,0,0,25,0
20110928,32,0,0,0,0,0,0,20,2,12,30,25,78.1%,7,0,0,25,0
20110928,32,0,0,0,0,0,0,20,2,12,30,25,78.1%,7,0,0,25,0
20110929,32,0,0,0,0,0,0,20,2,12,30,25,78.1%,7,0,0,25,0
20110929,32,0,0,0,0,0,0,20,2,12,30,25,78.1%,7,0,0,25,0
20110930,32,0,0,0,0,0,0,20,2,12,30,25,78.1%,7,0,0,25,0
20110930,32,0,0,0,0,0,0,20,2,12,30,25,78.1%,7,0,0,25,0
20111001,32,0,0,0,0,0,0,20,2,12,30,25,78.1%,7,0,0,25,0
20111001,32,0,0,0,0,0,0,20,2,12,30,25,78.1%,7,0,0,25,0
20111002,32,0,0,0,0,0,0,20,2,12,30,25,78.1%,7,0,0,25,0
20111002,32,0,0,0,0,0,0,20,2,12,30,25,78.1%,7,0,0,25,0
20111003,32,0,0,0,0,0,0,20,2,12,30,25,78.1%,7,0,0,25,0
20111003,32,0,0,0,0,0,0,20,2,12,30,25,78.1%,7,0,0,25,0
20111004,32,0,0,0,0,0,0,20,2,12,30,25,78.1%,7,0,0,25,0
20111004,32,0,0,0,0,0,0,20,2,12,30,25,78.1%,7,0,0,25,0
20111005,32,0,0,0,0,0,0,20,2,12,30,25,78.1%,7,0,0,25,0
20111005,32,0,0,0,0,0,0,20,2,12,30,25,78.1%,7,0,0,25,0
20111006,32,0,0,0,0,0,0,20,2,12,30,25,78.1%,7,0,0,25,0
20111006,32,0,0,0,0,0,0,20,2,12,30,25,78.1%,7,0,0,25,0
20111007,32,0,0,0,0,0,0,20,2,12,30,25,78.1%,7,0,0,25,0
20111007,32,0,0,0,0,0,0,20,2,12,30,25,78.1%,7,0,0,25,0
20111008,32,0,0,0,0,0,0,20,2,12,30,25,78.1%,7,0,0,25,0
20111008,32,0,0,0,0,0,0,20,2,12,30,25,78.1%,7,0,0,25,0
20111009,32,0,0,0,0,0,0,20,2,12,30,25,78.1%,7,0,0,25,0
20111009,32,0,0,0,0,0,0,20,2,12,30,25,78.1%,7,0,0,25,0
20111010,32,0,0,0,0,0,0,20,2,12,30,25,78.1%,7,0,0,25,0
20111010,32,0,0,0,0,0,0,20,2,12,30,25,78.1%,7,0,0,25,0
20111011,32,0,0,0,0,0,0,20,2,12,30,25,78.1%,7,0,0,25,0
20111011,32,0,0,0,0,0,0,20,2,12,30,25,78.1%,7,0,0,25,0
20111012,32,0,0,0,0,0,0,20,2,12,30,25,78.1%,7,0,0,25,0
20111012,32,0,0,0,0,0,0,20,2,12,30,25,78.1%,7,0,0,25,0
20111013,32,0,0,0,0,0,0,20,2,12,30,25,78.1%,7,0,0,25,0
20111013,32,0,0,0,0,0,0,20,2,12,30,25,78.1%,7,0,0,25,0
20111014,32,0,0,0,0,0,0,20,2,12,30,25,78.1%,7,0,0,25,0
20111014,32,0,0,0,0,0,0,20,2,12,30,25,78.1%,7,0,0,25,0
20111015,32,0,0,0,0,0,0,20,2,12,30,25,78.1%,7,0,0,25,0
20111015,32,0,0,0,0,0,0,20,2,12,30,25,78.1%,7,0,0,25,0
20111016,32,0,0,0,0,0,0,20,2,12,30,25,78.1%,7,0,0,25,0
20111016,32,0,0,0,0,0,0,20,2,12,30,25,78.1%,7,0,0,25,0
20111017,32,0,0,0,0,0,0,20,2,12,30,25,78.1%,7,0,0,25,0
20111017,32,0,0,0,0,0,0,20,2,12,30,25,78.1%,7,0,0,25,0
20111018,32,0,0,0,0,0,0,20,2,12,30,25,78.1%,7,0,0,25,0
20111018,32,0,0,0,0,0,0,20,2,12,30,25,78.1%,7,0,0,25,0
20111019,32,0,0,0,0,0,0,20,2,12,30,25,78.1%,7,0,0,25,0
20111019,32,0,0,0,0,0,0,20,2,12,30,25,78.1%,7,0,0,25,0
20111020,32,0,0,0,0,0,0,20,2,12,30,25,78.1%,7,0,0,25,0
20111020,32,0,0,0,0,0,0,20,2,12,30,25,78.1%,7,0,0,25,0
20111021,32,0,0,0,0,0,0,20,2,12,30,25,78.1%,7,0,0,25,0
20111021,32,0,0,0,0,0,0,20,2,12,30,25,78.1%,7,0,0,25,0
20111022,32,0,0,0,0,0,0,20,2,12,30,25,78.1%,7,0,0,25,0
20111022,32,0,0,0,0,0,0,20,2,12,30,25,78.1%,7,0,0,25,0
20111023,32,0,0,0,0,0,0,20,2,12,30,25,78.1%,7,0,0,25,0
20111023,32,0,0,0,0,0,0,20,2,12,30,25,78.1%,7,0,0,25,0
20111024,32,0,0,0,0,0,0,20,2,12,30,25,78.1%,7,0,0,25,0
20111024,32,0,0,0,0,0,0,20,2,12,30,25,78.1%,7,0,0,25,0
20111025,32,0,0,0,0,0,0,20,2,12,30,25,78.1%,7,0,0,25,0
20111025,32,0,0,0,0,0,0,20,2,12,30,25,78.1%,7,0,0,25,0
20111026,32,0,0,0,0,0,0,20,2,12,30,25,78.1%,7,0,0,25,0
20111026,32,0,0,0,0,0,0,20,2,12,30,25,78.1%,7,0,0,25,0
20111027,32,0,0,0,0,0,0,20,2,12,30,25,78.1%,7,0,0,25,0
20111027,32,0,0,0,0,0,0,20,2,12,30,25,78.1%,7,0,0,25,0
20111028,32,0,0,0,0,0,0,20,2,12,30,25,78.1%,7,0,0,25,0
20111028,32,0,0,0,0,0,0,20,2,12,30,25,78.1%,7,0,0,25,0
20111029,32,0,0,0,0,0,0,20,2,12,30,25,78.1%,7,0,0,25,0
20111029,32,0,0,0,0,0,0,20,2,12,30,25,78.1%,7,0,0,25,0
20111030,32,0,0,0,0,0,0,20,2,12,30,25,78.1%,7,0,0,25,0
20111030,32,0,0,0,0,0,0,20,2,12,30,25,78.1%,7,0,0,25,0
20111031,32,0,0,0,0,0,0,20,2,12,30,25,78.1%,7,0,0,25,0
20111031,32,0,0,0,0,0,0,20,2,12,30,25,78.1%,7,0,0,25,0
20111101,32,0,0,0,0,0,0,20,2,12,30,25,78.1%,7,0,0,25,0
20111101,32,0,0,0,0,0,0,20,2,12,30,25,78.1%,7,0,0,25,0
20111102,32,0,0,0,0,0,0,20,2,12,30,25,78.1%,7,0,0,25,0
20111102,32,0,0,0,0,0,0,20,2,12,30,25,78.1%,7,0,0,25,0
20111103,32,0,0,0,0,0,0,20,2,12,30,25,78.1%,7,0,0,25,0
20111103,32,0,0,0,0,0,0,20,2,12,30,25,78.1%,7,0,0,25,0
20111104,32,0,0,0,0,0,0,20,2,12,30,25,78.1%,7,0,0,25,0
20111104,32,0,0,0,0,0,0,20,2,12,30,25,78.1%,7,0,0,25,0
20111105,32,0,0,0,0,0,0,20,2,12,30,25,78.1%,7,0,0,25,0
20111105,32,0,0,0,0,0,0,20,2,12,30,25,78.1%,7,0,0,25,0
20111106,32,0,0,0,0,0,0,20,2,12,30,25,78.1%,7,0,0,25,0
20111106,32,0,0,0,0,0,0,20,2,12,30,25,78.1%,7,0,0,25,0
20111107,32,0,0,0,0,0,0,20,2,12,30,25,78.1%,7,0,0,25,0
20111107,32,0,0,0,0,0,0,20,2,12,30,25,78.1%,7,0,0,25,0
20111108,32,0,0,0,0,0,0,20,2,12,30,25,78.1%,7,0,0,25,0
20111108,32,0,0,0,0,0,0,20,2,12,30,25,78.1%,7,0,0,25,0
20111109,32,0,0,0,0,0,0,20,2,12,30,25,78.1%,7,0,0,25,0
20111109,32,0,0,0,0,0,0,20,2,12,30,25,78.1%,7,0,0,25,0
20111110,32,0,0,0,0,0,0,20,2,12,30,25,78.1%,7,0,0,25,0
20111110,32,0,0,0,0,0,0,20,2,12,30,25,78.1%,7,0,0,25,0
20111111,32,0,0,0,0,0,0,20,2,12,30,25,78.1%,7,0,0,25,0
20111111,32,0,0,0,0,0,0,20,2,12,30,25,78.1%,7,0,0,25,0
20111112,32,0,0,0,0,0,0,20,2,12,30,25,78.1%,7,0,0,25,0
20111112,32,0,0,0,0,0,0,20,2,12,30,25,78.1%,7,0,0,25,0
20111113,32,0,0,0,0,0,0,20,2,12,30,25,78.1%,7,0,0,25,0
20111113,32,0,0,0,0,0,0,20,2,12,30,25,78.1%,7,0,0,25,0
20111114,32,0,0,0,0,0,0,20,2,12,30,25,78.1%,7,0,0,25,0
20111114,32,0,0,0,0,0,0,20,2,12,30,25,78.1%,7,0,0,25,0
20111115,32,0,0,0,0,0,0,20,2,12,30,25,78.1%,7,0,0,25,0
20111115,32,0,0,0,0,0,0,20,2,12,30,25,78.1%,7,0,0,25,0
20111116,32,0,0,0,0,0,0,20,2,12,30,25,78.1%,7,0,0,25,0
20111116,32,0,0,0,0,0,0,20,2,12,30,25,78.1%,7,0,0,25,0
20111117,32,0,0,0,0,0,0,20,2,12,30,25,78.1%,7,0,0,25,0
20111117,32,0,0,0,0,0,0,20,2,12,30,25,78.1%,7,0,0,25,0
20111118,32,0,0,0,0,0,0,20,2,12,30,25,78.1%,7,0,0,25,0
20111118,32,0,0,0,0,0,0,20,2,12,30,25,78.1%,7,0,0,25,0
20111119,32,0,0,0,0,0,0,20,2,12,30,25,78.1%,7,0,0,25,0
20111119,32,0,0,0,0,0,0,20,2,12,30,25,78.1%,7,0,0,25,0
20111120,32,0,0,0,0,0,0,20,2,12,30,25,78.1%,7,0,0,25,0
20111120,32,0,0,0,0,0,0,20,2,12,30,25,78.1%,7,0,0,25,0
20111121,32,0,0,0,0,0,0,20,2,12,30,25,78.1%,7,0,0,25,0
20111121,32,0,0,0,0,0,0,20,2,12,30,25,78.1%,7,0,0,25,0
20111122,32,0,0,0,0,0,0,20,2,12,30,25,78.1%,7,0,0,25,0
20111122,32,0,0,0,0,0,0,20,2,12,30,25,78.1%,7,0,0,25,0
20111123,32,0,0,0,0,0,0,20,2,12,30,25,78.1%,7,0,0,25,0
20111123,32,0,0,0,0,0,0,20,2,12,30,25,78.1%,7,0,0,25,0
20111124,32,0,0,0,0,0,0,20,2,12,30,25,78.1%,7,0,0,25,0
20111124,32,0,0,0,0,0,0,20,2,12,30,25,78.1%,7,0,0,25,0
20111125,32,0,0,0,0,0,0,20,2,12,30,25,78.1%,7,0,0,25,0
20111125,32,0,0,0,0,0,0,20,2,12,30,25,78.1%,7,0,0,25,0
20111126,32,0,0,0,0,0,0,20,2,12,30,25,78.1%,7,0,0,25,0
20111126,32,0,0,0,0,0,0,20,2,12,30,25,78.1%,7,0,0,25,0
20111127,32,0,0,0,0,0,0,20,2,12,30,25,78.1%,7,0,0,25,0
20111127,32,0,0,0,0,0,0,20,2,12,30,25,78.1%,7,0,0,25,0
20111128,32,0,0,0,0,0,0,20,2,12,30,25,78.1%,7,0,0,25,0
20111128,32,0,0,0,0,0,0,20,2,12,30,25,78.1%,7,0,0,25,0
20111129,32,0,0,0,0,0,0,20,2,12,30,25,78.1%,7,0,0,25,0
20111129,32,0,0,0,0,0,0,20,2,12,30,25,78.1%,7,0,0,25,0
20111130,32,0,0,0,0,0,0,20,2,12,30,25,78.1%,7,0,0,25,0
20111130,32,0,0,0,0,0,0,20,2,12,30,25,78.1%,7,0,0,25,0
20111201,32,0,0,0,0,0,0,20,2,12,30,25,78.1%,7,0,0,25,0
20111201,32,0,0,0,0,0,0,20,2,12,30,25,78.1%,7,0,0,25,0
20111202,32,0,0,0,0,0,0,20,2,12,30,25,78.1%,7,0,0,25,0
20111202,32,0,0,0,0,0,0,20,2,12,30,25,78.1%,7,0,0,25,0
20111203,32,0,0,0,0,0,0,20,2,12,30,25,78.1%,7,0,0,25,0
20111203,32,0,0,0,0,0,0,20,2,12,30,25,78.1%,7,0,0,25,0
20111204,32,0,0,0,0,0,0,20,2,12,30,25,78.1%,7,0,0,25,0
20111204,32,0,0,0,0,0,0,20,2,12,30,25,78.1%,7,0,0,25,0
20111205,32,0,0,0,0,0,0,20,2,12,30,25,78.1%,7,0,0,25,0
20111205,32,0,0,0,0,0,0,20,2,12,30,25,78.1%,7,0,0,25,0
20111206,32,0,0,0,0,0,0,20,2,12,30,25,78.1%,7,0,0,25,0
20111206,32,0,0,0,0,0,0,20,2,12,30,25,78.1%,7,0,0,25,0
20111207,32,0,0,0,0,0,0,20,2,12,30,25,78.1%,7,0,0,25,0
20111207,32,0,0,0,0,0,0,20,2,12,30,25,78.1%,7,0,0,25,0
20111208,32,0,0,0,0,0,0,20,2,12,30,25,78.1%,7,0,0,25,0
20111208,32,0,0,0,0,0,0,20,2,12,30,25,78.1%,7,0,0,25,0
20111209,32,0,0,0,0,0,0,20,2,12,30,25,78.1%,7,0,0,25,0
20111209,32,0,0,0,0,0,0,20,2,12,30,25,78.1%,7,0,0,25,0
20111210,32,0,0,0,0,0,0,20,2,12,30,25,78.1%,7,0,0,25,0
20111210,32,0,0,0,0,0,0,20,2,12,30,25,78.1%,7,0,0,25,0
20111211,32,0,0,0,0,0,0,20,2,12,30,25,78.1%,7,0,0,25,0
20111211,32,0,0,0,0,0,0,20,2,12,30,25,78.1%,7,0,0,25,0
20111212,32,0,0,0,0,0,0,20,2,12,30,25,78.1%,7,0,0,25,0
20111212,32,0,0,0,0,0,0,20,2,12,30,25,78.1%,7,0,0,25,0
20111213,32,0,0,0,0,0,0,20,2,12,30,25,78.1%,7,0,0,25,0
20111213,32,0,0,0,0,0,0,20,2,12,30,25,78.1%,7,0,0,25,0
20111214,32,0,0,0,0,0,0,20,2,12,30,25,78.1%,7,0,0,25,0
20111214,32,0,0,0,0,0,0,20,2,12,30,25,78.1%,7,0,0,25,0
20111215,32,0,0,0,0,0,0,20,2,12,30,25,78.1%,7,0,0,25,0
20111215,32,0,0,0,0,0,0,20,2,12,30,25,78.1%,7,0,0,25,0
20111216,32,0,0,0,0,0,0,20,2,12,30,25,78.1%,7,0,0,25,0
20111216,32,0,0,0,0,0,0,20,2,12,30,25,78.1%,7,0,0,25,0
20111217,32,0,0,0,0,0,0,20,2,12,30,25,78.1%,7,0,0,25,0
20111217,32,0,0,0,0,0,0,20,2,12,30,25,78.1%,7,0,0,25,0
20111218,32,0,0,0,0,0,0,20,2,12,30,25,78.1%,7,0,0,25,0
20111218,32,0,0,0,0,0,0,20,2,12,30,25,78.1%,7,0,0,25,0
20111219,32,0,0,0,0,0,0,20,2,12,30,25,78.1%,7,0,0,25,0
20111219,32,0,0,0,0,0,0,20,2,12,30,25,78.1%,7,0,0,25,0
20111220,32,0,0,0,0,0,0,20,2,12,30,25,78.1%,7,0,0,25,0
20111220,32,0,0,0,0,0,0,20,2,12,30,25,78.1%,7,0,0,25,0
20111221,32,0,0,0,0,0,0,20,2,12,30,25,78.1%,7,0,0,25,0
20111221,32,0,0,0,0,0,0,20,2,12,30,25,78.1%,7,0,0,25,0
20111222,32,0,0,0,0,0,0,20,2,12,30,25,78.1%,7,0,0,25,0
20111222,32,0,0,0,0,0,0,20,2,12,30,25,78.1%,7,0,0,25,0
20111223,32,0,0,0,0,0,0,20,2,12,30,25,78.1%,7,0,0,25,0
20111223,32,0,0,0,0,0,0,20,2,12,30,25,78.1%,7,0,0,25,0
20111224,32,0,0,0,0,0,0,20,2,12,30,25,78.1%,7,0,0,25,0
20111224,32,0,0,0,0,0,0,20,2,12,30,25,78.1%,7,0,0,25,0
20111225,32,0,0,0,0,0,0,20,2,12,30,25,78.1%,7,0,0,25,0
20111225,32,0,0,0,0,0,0,20,2,12,30,25,78.1%,7,0,0,25,0
20111226,32,0,0,0,0,0,0,20,2,12,30,25,78.1%,7,0,0,25,0
20111226,32,0,0,0,0,0,0,20,2,12,30,25,78.1%,7,0,0,25,0
20111227,32,0,0,0,0,0,0,20,2,12,30,25,78.1%,7,0,0,25,0
20111227,32,0,0,0,0,0,0,20,2,12,30,25,78.1%,7,0,0,25,0
20111228,32,0,0,0,0,0,0,20,2,12,30,25,78.1%,7,0,0,25,0
20111228,32,0,0,0,0,0,0,20,2,12,30,25,78.1%,7,0,0,25,0
20111229,32,0,0,0,0,0,0,20,2,12,30,25,78.1%,7,0,0,25,0
20111229,32,0,0,0,0,0,0,20,2,12,30,25,78.1%,7,0,0,25,0
20111230,32,0,0,0,0,0,0,20,2,12,30,25,78.1%,7,0,0,25,0
20111230,32,0,0,0,0,0,0,20,2,12,30,25,78.1%,7,0,0,25,0
20111231,32,0,0,0,0,0,0,20,2,12,30,25,78.1%,7,0,0,25,0
20111231,32,0,0,0,0,0,0,20,2,12,30,25,78.1%,7,0,0,25,0
20120101,32,0,0,0,0,0,0,20,2,12,30,25,78.1%,7,0,0,25,0
20120101,32,0,0,0,0,0,0,20,2,12,30,25,78.1%,7,0,0,25,0
20120102,32,0,0,0,0,0,0,20,2,12,30,25,78.1%,7,0,0,25,0
20120102,32,0,0,0,0,0,0,20,2,12,30,25,78.1%,7,0,0,25,0
20120103,32,0,0,0,0,0,0,20,2,12,30,25,78.1%,7,0,0,25,0
20120103,32,0,0,0,0,0,0,20,2,12,30,25,78.1%,7,0,0,25,0
20120104,32,0,0,0,0,0,0,20,2,12,30,25,78.1%,7,0,0,25,0
20120104,32,0,0,0,0,0,0,20,2,12,30,25,78.1%,7,0,0,25,0
20120105,32,0,0,0,0,0,0,20,2,12,30,25,78.1%,7,0,0,25,0
20120105,32,0,0,0,0,0,0,20,2,12,30,25,78.1%,7,0,0,25,0
20120106,32,0,0,0,0,0,0,20,2,12,30,25,78.1%,7,0,0,25,0
20120106,32,0,0,0,0,0,0,20,2,12,30,25,78.1%,7,0,0,25,0
20120107,32,0,0,0,0,0,0,20,2,12,30,25,78.1%,7,0,0,25,0
20120107,32,0,0,0,0,0,0,20,2,12,30,25,78.1%,7,0,0,25,0
20120108,32,0,0,0,0,0,0,20,2,12,30,25,78.1%,7,0,0,25,0
20120108,32,0,0,0,0,0,0,20,2,12,30,25,78.1%,7,0,0,25,0
20120109,32,0,0,0,0,0,0,20,2,12,30,25,78.1%,7,0,0,25,0
20120109,32,0,0,0,0,0,0,20,2,12,30,25,78.1%,7,0,0,25,0
20120110,32,0,0,0,0,0,0,20,2,12,30,25,78.1%,7,0,0,25,0
20120110,32,0,0,0,0,0,0,20,2,12,30,25,78.1%,7,0,0,25,0
20120111,32,0,0,0,0,0,0,20,2,12,30,25,78.1%,7,0,0,25,0
20120111,32,0,0,0,0,0,0,20,2,12,30,25,78.1%,7,0,0,25,0
20120112,32,0,0,0,0,0,0,20,2,12,30,25,78.1%,7,0,0,25,0
20120112,32,0,0,0,0,0,0,20,2,12,30,25,78.1%,7,0,0,25,0
20120113,32,0,0,0,0,0,0,20,2,12,30,25,78.1%,7,0,0,25,0
20120113,32,0,0,0,0,0,0,20,2,12,30,25,78.1%,7,0,0,25,0
20120114,32,0,0,0,0,0,0,20,2,12,30,25,78.1%,7,0,0,25,0
20120114,32,0,0,0,0,0,0,20,2,12,30,25,78.1%,7,0,0,25,0
20120115,32,0,0,0,0,0,0,20,2,12,30,25,78.1%,7,0,0,25,0
20120116,32,0,0,0,0,0,0,20,2,12,30,25,78.1%,7,0,0,25,0
20120117,32,0,0,0,0,0,0,20,2,12,30,25,78.1%,7,0,0,25,0
20120117,32,0,0,0,0,0,0,20,2,12,30,25,78.1%,7,0,0,25,0
20120118,32,0,0,0,0,0,0,20,2,12,30,25,78.1%,7,0,0,25,0
20120118,32,0,0,0,0,0,0,20,2,12,30,25,78.1%,7,0,0,25,0
20120119,32,0,0,0,0,0,0,20,2,12,30,25,78.1%,7,0,0,25,0
20120119,32,0,0,0,0,0,0,20,2,12,30,25,78.1%,7,0,0,25,0
20120120,32,0,0,0,0,0,0,20,2,12,30,25,78.1%,7,0,0,25,0
20120120,32,0,0,0,0,0,0,20,2,12,30,25,78.1%,7,0,0,25,0
20120121,32,0,0,0,0,0,0,20,2,12,30,25,78.1%,7,0,0,25,0
20120121,32,0,0,0,0,0,0,20,2,12,30,25,78.1%,7,0,0,25,0
20120122,32,0,0,0,0,0,0,20,2,12,30,25,78.1%,7,0,0,25,0
20120122,32,0,0,0,0,0,0,20,2,12,30,25,78.1%,7,0,0,25,0
20120123,32,0,0,0,0,0,0,20,2,12,30,25,78.1%,7,0,0,25,0
20120123,32,0,0,0,0,0,0,20,2,12,30,25,78.1%,7,0,0,25,0
20120124,32,0,0,0,0,0,0,20,2,12,30,25,78.1%,7,0,0,25,0
20120124,32,0,0,0,0,0,0,20,2,12,30,25,78.1%,7,0,0,25,0
20120125,32,0,0,0,0,0,0,20,2,12,30,25,78.1%,7,0,0,25,0
20120125,32,0,0,0,0,0,0,20,2,12,30,25,78.1%,7,0,0,25,0
20120126,32,0,0,0,0,0,0,20,2,12,30,25,78.1%,7,0,0,25,0
20120126,32,0,0,0,0,0,0,20,2,12,30,25,78.1%,7,0,0,25,0
20120127,32,0,0,0,0,0,0,20,2,12,30,25,78.1%,7,0,0,25,0
20120127,32,0,0,0,0,0,0,20,2,12,30,25,78.1%,7,0,0,25,0
20120128,32,0,0,0,0,0,0,20,2,12,30,25,78.1%,7,0,0,25,0
20120128,32,0,0,0,0,0,0,20,2,12,30,25,78.1%,7,0,0,25,0
20120129,32,0,0,0,0,0,0,20,2,12,30,25,78.1%,7,0,0,25,0
20120130,32,0,0,0,0,0,0,20,2,12,30,25,78.1%,7,0,0,25,0
20120131,32,0,0,0,0,0,0,20,2,12,30,25,78.1%,7,0,0,25,0
20120131,32,0,0,0,0,0,0,20,2,12,30,25,78.1%,7,0,0,25,0
20120201,32,0,0,0,0,0,0,20,2,12,30,25,78.1%,7,0,0,25,0
20120201,32,0,0,0,0,0,0,20,2,12,30,25,78.1%,7,0,0,25,0
20120202,32,0,0,0,0,0,0,20,2,12,30,25,78.1%,7,0,0,25,0
20120202,32,0,0,0,0,0,0,20,2,12,30,25,78.1%,7,0,0,25,0
20120203,32,0,0,0,0,0,0,20,2,12,30,25,78.1%,7,0,0,25,0
20120203,32,0,0,0,0,0,0,20,2,12,30,25,78.1%,7,0,0,25,0
20120204,32,0,0,0,0,0,0,20,2,12,30,25,78.1%,7,0,0,25,0
20120204,32,0,0,0,0,0,0,20,2,12,30,25,78.1%,7,0,0,25,0
20120205,32,0,0,0,0,0,0,20,2,12,30,25,78.1%,7,0,0,25,0
20120206,32,0,0,0,0,0,0,20,2,12,30,25,78.1%,7,0,0,25,0
20120207,32,0,0,0,0,0,0,20,2,12,30,25,78.1%,7,0,0,25,0
20120208,32,0,0,0,0,0,0,20,2,12,30,25,78.1%,7,0,0,25,0
20120208,32,0,0,0,0,0,0,20,2,12,30,25,78.1%,7,0,0,25,0
20120209,32,0,0,0,0,0,0,20,2,12,30,25,78.1%,7,0,0,25,0
20120209,32,0,0,0,0,0,0,20,2,12,30,25,78.1%,7,0,0,25,0
20120210,32,0,0,0,0,0,0,20,2,12,30,25,78.1%,7,0,0,25,0
20120210,32,0,0,0,0,0,0,20,2,12,30,25,78.1%,7,0,0,25,0
20120211,32,0,0,0,0,0,0,20,2,12,30,25,78.1%,7,0,0,25,0
20120211,32,0,0,0,0,0,0,20,2,12,30,25,78.1%,7,0,0,25,0
20120212,32,0,0,0,0,0,0,20,2,12,30,25,78.1%,7,0,0,25,0
20120213,32,0,0,0,0,0,0,20,2,12,30,25,78.1%,7,0,0,25,0
20120214,32,0,0,0,0,0,0,20,2,12,30,25,78.1%,7,0,0,25,0
20120214,32,0,0,0,0,0,0,20,2,12,30,25,78.1%,7,0,0,25,0
20120215,32,0,0,0,0,0,0,20,2,12,30,25,78.1%,7,0,0,25,0
20120215,32,0,0,0,0,0,0,20,2,12,30,25,78.1%,7,0,0,25,0
20120216,32,0,0,0,0,0,0,20,2,12,30,25,78.1%,7,0,0,25,0
20120216,32,0,0,0,0,0,0,20,2,12,30,25,78.1%,7,0,0,25,0
20120217,32,0,0,0,0,0,0,20,2,12,30,25,78.1%,7,0,0,25,0
20120217,32,0,0,0,0,0,0,20,2,12,30,25,78.1%,7,0,0,25,0
20120218,32,0,0,0,0,0,0,20,2,12,30,25,78.1%,7,0,0,25,0
20120219,32,0,0,0,0,0,0,20,2,12,30,25,78.1%,7,0,0,25,0
20120220,32,0,0,0,0,0,0,20,2,12,30,25,78.1%,7,0,0,25,0
20120221,32,0,0,0,0,0,0,20,2,12,30,25,78.1%,7,0,0,25,0
20120221,32,0,0,0,0,0,0,20,2,12,30,25,78.1%,7,0,0,25,0
20120222,32,0,0,0,0,0,0,20,2,12,30,25,78.1%,7,0,0,25,0
20120222,32,0,0,0,0,0,0,20,2,12,30,25,78.1%,7,0,0,25,0
20120223,32,0,0,0,0,0,0,20,2,12,30,25,78.1%,7,0,0,25,0
20120223,32,0,0,0,0,0,0,20,2,12,30,25,78.1%,7,0,0,25,0
20120224,32,0,0,0,0,0,0,20,2,12,30,25,78.1%,7,0,0,25,0
20120224,32,0,0,0,0,0,0,20,2,12,30,25,78.1%,7,0,0,25,0
20120225,32,0,0,0,0,0,0,20,2,12,30,25,78.1%,7,0,0,25,0
20120225,32,0,0,0,0,0,0,20,2,12,30,25,78.1%,7,0,0,25,0
20120226,32,0,0,0,0,0,0,20,2,12,30,25,78.1%,7,0,0,25,0
20120226,32,0,0,0,0,0,0,20,2,12,30,25,78.1%,7,0,0,25,0
20120227,32,0,0,0,0,0,0,20,2,12,30,25,78.1%,7,0,0,25,0
20120227,32,0,0,0,0,0,0,20,2,12,30,25,78.1%,7,0,0,25,0
20120228,32,0,0,0,0,0,0,20,2,12,30,25,78.1%,7,0,0,25,0
20120228,32,0,0,0,0,0,0,20,2,12,30,25,78.1%,7,0,0,25,0
20120229,32,0,0,0,0,0,0,20,2,12,30,25,78.1%,7,0,0,25,0
20120229,32,0,0,0,0,0,0,20,2,12,30,25,78.1%,7,0,0,25,0
20120301,32,0,0,0,0,0,0,20,2,12,30,25,78.1%,7,0,0,25,0
20120301,32,0,0,0,0,0,0,20,2,12,30,25,78.1%,7,0,0,25,0
20120302,32,0,0,0,0,0,0,20,2,12,30,25,78.1%,7,0,0,25,0
20120302,32,0,0,0,0,0,0,20,2,12,30,25,78.1%,7,0,0,25,0
20120303,32,0,0,0,0,0,0,20,2,12,30,25,78.1%,7,0,0,25,0
20120303,32,0,0,0,0,0,0,20,2,12,30,25,78.1%,7,0,0,25,0
20120304,32,0,0,0,0,0,0,20,2,12,30,25,78.1%,7,0,0,25,0
20120304,32,0,0,0,0,0,0,20,2,12,30,25,78.1%,7,0,0,25,0
20120305,32,0,0,0,0,0,0,20,2,12,30,25,78.1%,7,0,0,25,0
20120305,32,0,0,0,0,0,0,20,2,12,30,25,78.1%,7,0,0,25,0
20120306,32,0,0,0,0,0,0,20,2,12,30,25,78.1%,7,0,0,25,0
20120306,32,0,0,0,0,0,0,20,2,12,30,25,78.1%,7,0,0,25,0
20120307,32,0,0,0,0,0,0,20,2,12,30,25,78.1%,7,0,0,25,0
20120307,32,0,0,0,0,0,0,20,2,12,30,25,78.1%,7,0,0,25,0
20120308,32,0,0,0,0,0,0,20,2,12,30,25,78.1%,7,0,0,25,0
20120308,32,0,0,0,0,0,0,20,2,12,30,25,78.1%,7,0,0,25,0
20120309,32,0,0,0,0,0,0,20,2,12,30,25,78.1%,7,0,0,25,0
20120309,32,0,0,0,0,0,0,20,2,12,30,25,78.1%,7,0,0,25,0
20120310,32,0,0,0,0,0,0,20,2,12,30,25,78.1%,7,0,0,25,0
20120310,32,0,0,0,0,0,0,20,2,12,30,25,78.1%,7,0,0,25,0
20120311,32,0,0,0,0,0,0,20,2,12,30,25,78.1%,7,0,0,25,0
20120311,32,0,0,0,0,0,0,20,2,12,30,25,78.1%,7,0,0,25,0
20120312,32,0,0,0,0,0,0,20,2,12,30,25,78.1%,7,0,0,25,0
20120312,32,0,0,0,0,0,0,20,2,12,30,25,78.1%,7,0,0,25,0
20120313,32,0,0,0,0,0,0,20,2,12,30,25,78.1%,7,0,0,25,0
20120313,32,0,0,0,0,0,0,20,2,12,30,25,78.1%,7,0,0,25,0
20120314,32,0,0,0,0,0,0,20,2,12,30,25,78.1%,7,0,0,25,0
20120314,32,0,0,0,0,0,0,20,2,12,30,25,78.1%,7,0,0,25,0
20120315,32,0,0,0,0,0,0,20,2,12,30,25,78.1%,7,0,0,25,0
20120315,32,0,0,0,0,0,0,20,2,12,30,25,78.1%,7,0,0,25,0
20120316,32,0,0,0,0,0,0,20,2,12,30,25,78.1%,7,0,0,25,0
20120316,32,0,0,0,0,0,0,20,2,12,30,25,78.1%,7,0,0,25,0
20120317,32,0,0,0,0,0,0,20,2,12,30,25,78.1%,7,0,0,25,0
20120317,32,0,0,0,0,0,0,20,2,12,30,25,78.1%,7,0,0,25,0
20120318,32,0,0,0,0,0,0,20,2,12,30,25,78.1%,7,0,0,25,0
20120318,32,0,0,0,0,0,0,20,2,12,30,25,78.1%,7,0,0,25,0
20120319,32,0,0,0,0,0,0,20,2,12,30,25,78.1%,7,0,0,25,0
20120319,32,0,0,0,0,0,0,20,2,12,30,25,78.1%,7,0,0,25,0
20120320,32,0,0,0,0,0,0,20,2,12,30,25,78.1%,7,0,0,25,0
20120320,32,0,0,0,0,0,0,20,2,12,30,25,78.1%,7,0,0,25,0
20120321,32,0,0,0,0,0,0,20,2,12,30,25,78.1%,7,0,0,25,0
20120321,32,0,0,0,0,0,0,20,2,12,30,25,78.1%,7,0,0,25,0
20120322,32,0,0,0,0,0,0,20,2,12,30,25,78.1%,7,0,0,25,0
20120322,32,0,0,0,0,0,0,20,2,12,30,25,78.1%,7,0,0,25,0
20120323,32,0,0,0,0,0,0,20,2,12,30,25,78.1%,7,0,0,25,0
20120323,32,0,0,0,0,0,0,20,2,12,30,25,78.1%,7,0,0,25,0
20120324,32,0,0,0,0,0,0,20,2,12,30,25,78.1%,7,0,0,25,0
20120324,32,0,0,0,0,0,0,20,2,12,30,25,78.1%,7,0,0,25,0
20120325,32,0,0,0,0,0,0,20,2,12,30,25,78.1%,7,0,0,25,0
20120325,32,0,0,0,0,0,0,20,2,12,30,25,78.1%,7,0,0,25,0
20120326,32,0,0,0,0,0,0,20,2,12,30,25,78.1%,7,0,0,25,0
20120326,32,0,0,0,0,0,0,20,2,12,30,25,78.1%,7,0,0,25,0
20120327,32,0,0,0,0,0,0,20,2,12,30,25,78.1%,7,0,0,25,0
20120327,32,0,0,0,0,0,0,20,2,12,30,25,78.1%,7,0,0,25,0
20120328,32,0,0,0,0,0,0,20,2,12,30,25,78.1%,7,0,0,25,0
20120328,32,0,0,0,0,0,0,20,2,12,30,25,78.1%,7,0,0,25,0
20120329,32,0,0,0,0,0,0,20,2,12,30,25,78.1%,7,0,0,25,0
20120329,32,0,0,0,0,0,0,20,2,12,30,25,78.1%,7,0,0,25,0
20120330,32,0,0,0,0,0,0,20,2,12,30,25,78.1%,7,0,0,25,0
20120330,32,0,0,0,0,0,0,20,2,12,30,25,78.1%,7,0,0,25,0
20120331,32,0,0,0,0,0,0,20,2,12,30,25,78.1%,7,0,0,25,0
20120331,32,0,0,0,0,0,0,20,2,12,30,25,78.1%,7,0,0,25,0
20120401,32,0,0,0,0,0,0,20,2,12,30,25,78.1%,7,0,0,25,0
20120401,32,0,0,0,0,0,0,20,2,12,30,25,78.1%,7,0,0,25,0
20120402,32,0,0,0,0,0,0,20,2,12,30,25,78.1%,7,0,0,25,0
20120403,32,0,0,0,0,0,0,20,2,12,30,25,78.1%,7,0,0,25,0
20120404,32,0,0,0,0,0,0,20,2,12,30,25,78.1%,7,0,0,25,0
20120405,32,0,0,0,0,0,0,20,2,12,30,25,78.1%,7,0,0,25,0
20120405,32,0,0,0,0,0,0,20,2,12,30,25,78.1%,7,0,0,25,0
20120406,32,0,0,0,0,0,0,20,2,12,30,25,78.1%,7,0,0,25,0
20120406,32,0,0,0,0,0,0,20,2,12,30,25,78.1%,7,0,0,25,0
20120407,32,0,0,0,0,0,0,20,2,12,30,25,78.1%,7,0,0,25,0
20120407,32,0,0,0,0,0,0,20,2,12,30,25,78.1%,7,0,0,25,0
20120408,32,0,0,0,0,0,0,20,2,12,30,25,78.1%,7,0,0,25,0
20120408,32,0,0,0,0,0,0,20,2,12,30,25,78.1%,7,0,0,25,0
20120409,32,0,0,0,0,0,0,20,2,12,30,25,78.1%,7,0,0,25,0
20120409,32,0,0,0,0,0,0,20,2,12,30,25,78.1%,7,0,0,25,0
20120410,32,0,0,0,0,0,0,20,2,12,30,25,78.1%,7,0,0,25,0
20120410,32,0,0,0,0,0,0,20,2,12,30,25,78.1%,7,0,0,25,0
20120411,32,0,0,0,0,0,0,20,2,12,30,25,78.1%,7,0,0,25,0
20120411,32,0,0,0,0,0,0,20,2,12,30,25,78.1%,7,0,0,25,0
20120412,32,0,0,0,0,0,0,20,2,12,30,25,78.1%,7,0,0,25,0
20120412,32,0,0,0,0,0,0,20,2,12,30,25,78.1%,7,0,0,25,0
20120413,32,0,0,0,0,0,0,20,2,12,30,25,78.1%,7,0,0,25,0
20120413,32,0,0,0,0,0,0,20,2,12,30,25,78.1%,7,0,0,25,0
20120414,32,0,0,0,0,0,0,20,2,12,30,25,78.1%,7,0,0,25,0
20120414,32,0,0,0,0,0,0,20,2,12,30,25,78.1%,7,0,0,25,0
20120415,32,0,0,0,0,0,0,20,2,12,30,25,78.1%,7,0,0,25,0
20120415,32,0,0,0,0,0,0,20,2,12,30,25,78.1%,7,0,0,25,0
20120416,32,0,0,0,0,0,0,20,2,12,30,25,78.1%,7,0,0,25,0
20120416,32,0,0,0,0,0,0,20,2,12,30,25,78.1%,7,0,0,25,0
20120417,32,0,0,0,0,0,0,20,2,12,30,25,78.1%,7,0,0,25,0
20120417,32,0,0,0,0,0,0,20,2,12,30,25,78.1%,7,0,0,25,0
20120418,32,0,0,0,0,0,0,20,2,12,30,25,78.1%,7,0,0,25,0
20120418,32,0,0,0,0,0,0,20,2,12,30,25,78.1%,7,0,0,25,0
20120419,32,0,0,0,0,0,0,20,2,12,30,25,78.1%,7,0,0,25,0
20120419,32,0,0,0,0,0,0,20,2,12,30,25,78.1%,7,0,0,25,0
20120420,32,0,0,0,0,0,0,20,2,12,30,25,78.1%,7,0,0,25,0
20120420,32,0,0,0,0,0,0,20,2,12,30,25,78.1%,7,0,0,25,0
20120421,32,0,0,0,0,0,0,20,2,12,30,25,78.1%,7,0,0,25,0
20120421,32,0,0,0,0,0,0,20,2,12,30,25,78.1%,7,0,0,25,0
20120422,32,0,0,0,0,0,0,20,2,12,30,25,78.1%,7,0,0,25,0
20120422,32,0,0,0,0,0,0,20,2,12,30,25,78.1%,7,0,0,25,0
20120423,32,0,0,0,0,0,0,20,2,12,30,25,78.1%,7,0,0,25,0
20120423,32,0,0,0,0,0,0,20,2,12,30,25,78.1%,7,0,0,25,0
20120424,32,0,0,0,0,0,0,20,2,12,30,25,78.1%,7,0,0,25,0
20120424,32,0,0,0,0,0,0,20,2,12,30,25,78.1%,7,0,0,25,0
20120425,32,0,0,0,0,0,0,20,2,12,30,25,78.1%,7,0,0,25,0
20120425,32,0,0,0,0,0,0,20,2,12,30,25,78.1%,7,0,0,25,0
20120426,32,0,0,0,0,0,0,20,2,12,30,25,78.1%,7,0,0,25,0
20120426,32,0,0,0,0,0,0,20,2,12,30,25,78.1%,7,0,0,25,0
20120427,32,0,0,0,0,0,0,20,2,12,30,25,78.1%,7,0,0,25,0
20120427,32,0,0,0,0,0,0,20,2,12,30,25,78.1%,7,0,0,25,0
20120428,32,0,0,0,0,0,0,20,2,12,30,25,78.1%,7,0,0,25,0
20120428,32,0,0,0,0,0,0,20,2,12,30,25,78.1%,7,0,0,25,0
20120429,32,0,0,0,0,0,0,20,2,12,30,25,78.1%,7,0,0,25,0
20120429,32,0,0,0,0,0,0,20,2,12,30,25,78.1%,7,0,0,25,0
20120430,32,0,0,0,0,0,0,20,2,12,30,25,78.1%,7,0,0,25,0
20120430,32,0,0,0,0,0,0,20,2,12,30,25,78.1%,7,0,0,25,0
20120501,32,0,0,0,0,0,0,20,2,12,30,25,78.1%,7,0,0,25,0
20120501,32,0,0,0,0,0,0,20,2,12,30,25,78.1%,7,0,0,25,0
20120502,32,0,0,0,0,0,0,20,2,12,30,25,78.1%,7,0,0,25,0
20120502,32,0,0,0,0,0,0,20,2,12,30,25,78.1%,7,0,0,25,0
20120503,32,0,0,0,0,0,0,20,2,12,30,25,78.1%,7,0,0,25,0
20120503,32,0,0,0,0,0,0,20,2,12,30,25,78.1%,7,0,0,25,0
20120504,32,0,0,0,0,0,0,20,2,12,30,25,78.1%,7,0,0,25,0
20120504,32,0,0,0,0,0,0,20,2,12,30,25,78.1%,7,0,0,25,0
20120505,32,0,0,0,0,0,0,20,2,12,30,25,78.1%,7,0,0,25,0
20120505,32,0,0,0,0,0,0,20,2,12,30,25,78.1%,7,0,0,25,0
20120506,32,0,0,0,0,0,0,20,2,12,30,25,78.1%,7,0,0,25,0
20120506,32,0,0,0,0,0,0,20,2,12,30,25,78.1%,7,0,0,25,0
20120507,32,0,0,0,0,0,0,20,2,12,30,25,78.1%,7,0,0,25,0
20120507,32,0,0,0,0,0,0,20,2,12,30,25,78.1%,7,0,0,25,0
20120508,32,0,0,0,0,0,0,20,2,12,30,25,78.1%,7,0,0,25,0
20120508,32,0,0,0,0,0,0,20,2,12,30,25,78.1%,7,0,0,25,0
20120509,32,0,0,0,0,0,0,20,2,12,30,25,78.1%,7,0,0,25,0
20120509,32,0,0,0,0,0,0,20,2,12,30,25,78.1%,7,0,0,25,0
20120510,32,0,0,0,0,0,0,20,2,12,30,25,78.1%,7,0,0,25,0
20120510,32,0,0,0,0,0,0,20,2,12,30,25,78.1%,7,0,0,25,0
20120511,32,0,0,0,0,0,0,20,2,12,30,25,78.1%,7,0,0,25,0
20120511,32,0,0,0,0,0,0,20,2,12,30,25,78.1%,7,0,0,25,0
20120512,32,0,0,0,0,0,0,20,2,12,30,25,78.1%,7,0,0,25,0
20120512,32,0,0,0,0,0,0,20,2,12,30,25,78.1%,7,0,0,25,0
20120513,32,0,0,0,0,0,0,20,2,12,30,25,78.1%,7,0,0,25,0
20120513,32,0,0,0,0,0,0,20,2,12,30,25,78.1%,7,0,0,25,0
20120514,32,0,0,0,0,0,0,20,2,12,30,25,78.1%,7,0,0,25,0
20120514,32,0,0,0,0,0,0,20,2,12,30,25,78.1%,7,0,0,25,0
20120515,32,0,0,0,0,0,0,20,2,12,30,25,78.1%,7,0,0,25,0
20120515,32,0,0,0,0,0,0,20,2,12,30,25,78.1%,7,0,0,25,0
20120516,32,0,0,0,0,0,0,20,2,12,30,25,78.1%,7,0,0,25,0
20120516,32,0,0,0,0,0,0,20,2,12,30,25,78.1%,7,0,0,25,0
20120517,32,0,0,0,0,0,0,20,2,12,30,25,78.1%,7,0,0,25,0
20120517,32,0,0,0,0,0,0,20,2,12,30,25,78.1%,7,0,0,25,0
20120518,32,0,0,0,0,0,0,20,2,12,30,25,78.1%,7,0,0,25,0
20120518,32,0,0,0,0,0,0,20,2,12,30,25,78.1%,7,0,0,25,0
20120519,32,0,0,0,0,0,0,20,2,12,30,25,78.1%,7,0,0,25,0
20120519,32,0,0,0,0,0,0,20,2,12,30,25,78.1%,7,0,0,25,0
20120520,32,0,0,0,0,0,0,20,2,12,30,25,78.1%,7,0,0,25,0
20120520,32,0,0,0,0,0,0,20,2,12,30,25,78.1%,7,0,0,25,0
20120521,32,0,0,0,0,0,0,20,2,12,30,25,78.1%,7,0,0,25,0
20120521,32,0,0,0,0,0,0,20,2,12,30,25,78.1%,7,0,0,25,0
20120522,32,0,0,0,0,0,0,20,2,12,30,25,78.1%,7,0,0,25,0
20120522,32,0,0,0,0,0,0,20,2,12,30,25,78.1%,7,0,0,25,0
20120523,32,0,0,0,0,0,0,20,2,12,30,25,78.1%,7,0,0,25,0
20120523,32,0,0,0,0,0,0,20,2,12,30,25,78.1%,7,0,0,25,0
20120524,32,0,0,0,0,0,0,20,2,12,30,25,78.1%,7,0,0,25,0
20120524,32,0,0,0,0,0,0,20,2,12,30,25,78.1%,7,0,0,25,0
20120525,32,0,0,0,0,0,0,20,2,12,30,25,78.1%,7,0,0,25,0
20120525,32,0,0,0,0,0,0,20,2,12,30,25,78.1%,7,0,0,25,0
20120526,32,0,0,0,0,0,0,20,2,12,30,25,78.1%,7,0,0,25,0
20120526,32,0,0,0,0,0,0,20,2,12,30,25,78.1%,7,0,0,25,0
20120527,32,0,0,0,0,0,0,20,2,12,30,25,78.1%,7,0,0,25,0
20120527,32,0,0,0,0,0,0,20,2,12,30,25,78.1%,7,0,0,25,0
20120528,32,0,0,0,0,0,0,20,2,12,30,25,78.1%,7,0,0,25,0
20120528,32,0,0,0,0,0,0,20,2,12,30,25,78.1%,7,0,0,25,0
20120529,32,0,0,0,0,0,0,20,2,12,30,25,78.1%,7,0,0,25,0
20120529,32,0,0,0,0,0,0,20,2,12,30,25,78.1%,7,0,0,25,0
20120530,32,0,0,0,0,0,0,20,2,12,30,25,78.1%,7,0,0,25,0
20120530,32,0,0,0,0,0,0,20,2,12,30,25,78.1%,7,0,0,25,0
20120531,32,0,0,0,0,0,0,20,2,12,30,25,78.1%,7,0,0,25,0
20120531,32,0,0,0,0,0,0,20,2,12,30,25,78.1%,7,0,0,25,0
20120601,32,0,0,0,0,0,0,20,2,12,30,25,78.1%,7,0,0,25,0
20120601,32,0,0,0,0,0,0,20,2,12,30,25,78.1%,7,0,0,25,0
20120602,32,0,0,0,0,0,0,20,2,12,30,25,78.1%,7,0,0,25,0
20120602,32,0,0,0,0,0,0,20,2,12,30,25,78.1%,7,0,0,25,0
20120603,32,0,0,0,0,0,0,20,2,12,30,25,78.1%,7,0,0,25,0
20120603,32,0,0,0,0,0,0,20,2,12,30,25,78.1%,7,0,0,25,0
20120604,32,0,0,0,0,0,0,20,2,12,30,25,78.1%,7,0,0,25,0
20120604,32,0,0,0,0,0,0,20,2,12,30,25,78.1%,7,0,0,25,0
20120605,32,0,0,0,0,0,0,20,2,12,30,25,78.1%,7,0,0,25,0
20120605,32,0,0,0,0,0,0,20,2,12,30,25,78.1%,7,0,0,25,0
20120606,32,0,0,0,0,0,0,20,2,12,30,25,78.1%,7,0,0,25,0
20120607,32,0,0,0,0,0,0,20,2,12,30,25,78.1%,7,0,0,25,0
20120607,32,0,0,0,0,0,0,20,2,12,30,25,78.1%,7,0,0,25,0
20120608,32,0,0,0,0,0,0,20,2,12,30,25,78.1%,7,0,0,25,0
20120608,32,0,0,0,0,0,0,20,2,12,30,25,78.1%,7,0,0,25,0
20120609,32,0,0,0,0,0,0,20,2,12,30,25,78.1%,7,0,0,25,0
20120609,32,0,0,0,0,0,0,20,2,12,30,25,78.1%,7,0,0,25,0
20120610,32,0,0,0,0,0,0,20,2,12,30,25,78.1%,7,0,0,25,0
20120610,32,0,0,0,0,0,0,20,2,12,30,25,78.1%,7,0,0,25,0
20120611,32,0,0,0,0,0,0,20,2,12,30,25,78.1%,7,0,0,25,0
20120611,32,0,0,0,0,0,0,20,2,12,30,25,78.1%,7,0,0,25,0
20120612,32,0,0,0,0,0,0,20,2,12,30,25,78.1%,7,0,0,25,0
20120612,32,0,0,0,0,0,0,20,2,12,30,25,78.1%,7,0,0,25,0
20120613,32,0,0,0,0,0,0,20,2,12,30,25,78.1%,7,0,0,25,0
20120613,32,0,0,0,0,0,0,20,2,12,30,25,78.1%,7,0,0,25,0
20120614,32,0,0,0,0,0,0,20,2,12,30,25,78.1%,7,0,0,25,0
20120614,32,0,0,0,0,0,0,20,2,12,30,25,78.1%,7,0,0,25,0
20120615,32,0,0,0,0,0,0,20,2,12,30,25,78.1%,7,0,0,25,0
20120615,32,0,0,0,0,0,0,20,2,12,30,25,78.1%,7,0,0,25,0
20120616,32,0,0,0,0,0,0,20,2,12,30,25,78.1%,7,0,0,25,0
20120616,32,0,0,0,0,0,0,20,2,12,30,25,78.1%,7,0,0,25,0
20120617,32,0,0,0,0,0,0,20,2,12,30,25,78.1%,7,0,0,25,0
20120617,32,0,0,0,0,0,0,20,2,12,30,25,78.1%,7,0,0,25,0
20120618,32,0,0,0,0,0,0,20,2,12,30,25,78.1%,7,0,0,25,0
20120618,32,0,0,0,0,0,0,20,2,12,30,25,78.1%,7,0,0,25,0
20120619,32,0,0,0,0,0,0,20,2,12,30,25,78.1%,7,0,0,25,0
20120619,32,0,0,0,0,0,0,20,2,12,30,25,78.1%,7,0,0,25,0
20120620,32,0,0,0,0,0,0,20,2,12,30,25,78.1%,7,0,0,25,0
20120620,32,0,0,0,0,0,0,20,2,12,30,25,78.1%,7,0,0,25,0
20120621,32,0,0,0,0,0,0,20,2,12,30,25,78.1%,7,0,0,25,0
20120621,32,0,0,0,0,0,0,20,2,12,30,25,78.1%,7,0,0,25,0
20120622,32,0,0,0,0,0,0,20,2,12,30,25,78.1%,7,0,0,25,0
20120622,32,0,0,0,0,0,0,20,2,12,30,25,78.1%,7,0,0,25,0
20120623,32,0,0,0,0,0,0,20,2,12,30,25,78.1%,7,0,0,25,0
20120623,32,0,0,0,0,0,0,20,2,12,30,25,78.1%,7,0,0,25,0
20120624,32,0,0,0,0,0,0,20,2,12,30,25,78.1%,7,0,0,25,0
20120624,32,0,0,0,0,0,0,20,2,12,30,25,78.1%,7,0,0,25,0
20120625,32,0,0,0,0,0,0,20,2,12,30,25,78.1%,7,0,0,25,0
20120625,32,0,0,0,0,0,0,20,2,12,30,25,78.1%,7,0,0,25,0
20120626,32,0,0,0,0,0,0,20,2,12,30,25,78.1%,7,0,0,25,0
20120626,32,0,0,0,0,0,0,20,2,12,30,25,78.1%,7,0,0,25,0
20120627,32,0,0,0,0,0,0,20,2,12,30,25,78.1%,7,0,0,25,0
20120627,32,0,0,0,0,0,0,20,2,12,30,25,78.1%,7,0,0,25,0
20120628,32,0,0,0,0,0,0,20,2,12,30,25,78.1%,7,0,0,25,0
20120628,32,0,0,0,0,0,0,20,2,12,30,25,78.1%,7,0,0,25,0
20120629,32,0,0,0,0,0,0,20,2,12,30,25,78.1%,7,0,0,25,0
20120629,32,0,0,0,0,0,0,20,2,12,30,25,78.1%,7,0,0,25,0
20120630,32,0,0,0,0,0,0,20,2,12,30,25,78.1%,7,0,0,25,0
20120630,32,0,0,0,0,0,0,20,2,12,30,25,78.1%,7,0,0,25,0
20120701,32,0,0,0,0,0,0,20,2,12,30,25,78.1%,7,0,0,25,0
20120701,32,0,0,0,0,0,0,20,2,12,30,25,78.1%,7,0,0,25,0
20120702,32,0,0,0,0,0,0,20,2,12,30,25,78.1%,7,0,0,25,0
20120702,32,0,0,0,0,0,0,20,2,12,30,25,78.1%,7,0,0,25,0
20120703,32,0,0,0,0,0,0,20,2,12,30,25,78.1%,7,0,0,25,0
20120703,32,0,0,0,0,0,0,20,2,12,30,25,78.1%,7,0,0,25,0
20120704,32,0,0,0,0,0,0,20,2,12,30,25,78.1%,7,0,0,25,0
20120704,32,0,0,0,0,0,0,20,2,12,30,25,78.1%,7,0,0,25,0
20120705,32,0,0,0,0,0,0,20,2,12,30,25,78.1%,7,0,0,25,0
20120705,32,0,0,0,0,0,0,20,2,12,30,25,78.1%,7,0,0,25,0
20120706,32,0,0,0,0,0,0,20,2,12,30,25,78.1%,7,0,0,25,0
20120706,32,0,0,0,0,0,0,20,2,12,30,25,78.1%,7,0,0,25,0
20120707,32,0,0,0,0,0,0,20,2,12,30,25,78.1%,7,0,0,25,0
20120707,32,0,0,0,0,0,0,20,2,12,30,25,78.1%,7,0,0,25,0
20120708,32,0,0,0,0,0,0,20,2,12,30,25,78.1%,7,0,0,25,0
20120708,32,0,0,0,0,0,0,20,2,12,30,25,78.1%,7,0,0,25,0
20120709,32,0,0,0,0,0,0,20,2,12,30,25,78.1%,7,0,0,25,0
20120709,32,0,0,0,0,0,0,20,2,12,30,25,78.1%,7,0,0,25,0
20120710,32,0,0,0,0,0,0,20,2,12,30,25,78.1%,7,0,0,25,0
20120710,32,0,0,0,0,0,0,20,2,12,30,25,78.1%,7,0,0,25,0
20120711,32,0,0,0,0,0,0,20,2,12,30,25,78.1%,7,0,0,25,0
20120711,32,0,0,0,0,0,0,20,2,12,30,25,78.1%,7,0,0,25,0
20120712,32,0,0,0,0,0,0,20,2,12,30,25,78.1%,7,0,0,25,0
20120712,32,0,0,0,0,0,0,20,2,12,30,25,78.1%,7,0,0,25,0
20120713,32,0,0,0,0,0,0,20,2,12,30,25,78.1%,7,0,0,25,0
20120713,32,0,0,0,0,0,0,20,2,12,30,25,78.1%,7,0,0,25,0
20120714,32,0,0,0,0,0,0,20,2,12,30,25,78.1%,7,0,0,25,0
20120714,32,0,0,0,0,0,0,20,2,12,30,25,78.1%,7,0,0,25,0
20120715,32,0,0,0,0,0,0,20,2,12,30,25,78.1%,7,0,0,25,0
20120715,32,0,0,0,0,0,0,20,2,12,30,25,78.1%,7,0,0,25,0
20120716,32,0,0,0,0,0,0,20,2,12,30,25,78.1%,7,0,0,25,0
20120716,32,0,0,0,0,0,0,20,2,12,30,25,78.1%,7,0,0,25,0
20120717,32,0,0,0,0,0,0,20,2,12,30,25,78.1%,7,0,0,25,0
20120717,32,0,0,0,0,0,0,20,2,12,30,25,78.1%,7,0,0,25,0
20120718,32,0,0,0,0,0,0,20,2,12,30,25,78.1%,7,0,0,25,0
20120718,32,0,0,0,0,0,0,20,2,12,30,25,78.1%,7,0,0,25,0
20120719,32,0,0,0,0,0,0,20,2,12,30,25,78.1%,7,0,0,25,0
20120719,32,0,0,0,0,0,0,20,2,12,30,25,78.1%,7,0,0,25,0
20120720,32,0,0,0,0,0,0,20,2,12,30,25,78.1%,7,0,0,25,0
20120720,32,0,0,0,0,0,0,20,2,12,30,25,78.1%,7,0,0,25,0
20120721,32,0,0,0,0,0,0,20,2,12,30,25,78.1%,7,0,0,25,0
20120721,32,0,0,0,0,0,0,20,2,12,30,25,78.1%,7,0,0,25,0
20120722,32,0,0,0,0,0,0,20,2,12,30,25,78.1%,7,0,0,25,0
20120722,32,0,0,0,0,0,0,20,2,12,30,25,78.1%,7,0,0,25,0
20120723,32,0,0,0,0,0,0,20,2,12,30,25,78.1%,7,0,0,25,0
20120723,32,0,0,0,0,0,0,20,2,12,30,25,78.1%,7,0,0,25,0
20120724,32,0,0,0,0,0,0,20,2,12,30,25,78.1%,7,0,0,25,0
20120724,32,0,0,0,0,0,0,20,2,12,30,25,78.1%,7,0,0,25,0
20120725,32,0,0,0,0,0,0,20,2,12,30,25,78.1%,7,0,0,25,0
20120725,32,0,0,0,0,0,0,20,2,12,30,25,78.1%,7,0,0,25,0
20120726,32,0,0,0,0,0,0,20,2,12,30,25,78.1%,7,0,0,25,0
20120726,32,0,0,0,0,0,0,20,2,12,30,25,78.1%,7,0,0,25,0
20120727,32,0,0,0,0,0,0,20,2,12,30,25,78.1%,7,0,0,25,0
20120727,32,0,0,0,0,0,0,20,2,12,30,25,78.1%,7,0,0,25,0
20120728,32,0,0,0,0,0,0,20,2,12,30,25,78.1%,7,0,0,25,0
20120728,32,0,0,0,0,0,0,20,2,12,30,25,78.1%,7,0,0,25,0
20120729,32,0,0,0,0,0,0,20,2,12,30,25,78.1%,7,0,0,25,0
20120729,32,0,0,0,0,0,0,20,2,12,30,25,78.1%,7,0,0,25,0
20120730,32,0,0,0,0,0,0,20,2,12,30,25,78.1%,7,0,0,25,0
20120730,32,0,0,0,0,0,0,20,2,12,30,25,78.1%,7,0,0,25,0
20120731,32,0,0,0,0,0,0,20,2,12,30,25,78.1%,7,0,0,25,0
20120731,32,0,0,0,0,0,0,20,2,12,30,25,78.1%,7,0,0,25,0
20120801,32,0,0,0,0,0,0,20,2,12,30,25,78.1%,7,0,0,25,0
20120801,32,0,0,0,0,0,0,20,2,12,30,25,78.1%,7,0,0,25,0
20120802,32,0,0,0,0,0,0,20,2,12,30,25,78.1%,7,0,0,25,0
20120802,32,0,0,0,0,0,0,20,2,12,30,25,78.1%,7,0,0,25,0
20120803,32,0,0,0,0,0,0,20,2,12,30,25,78.1%,7,0,0,25,0
20120803,32,0,0,0,0,0,0,20,2,12,30,25,78.1%,7,0,0,25,0
20120804,32,0,0,0,0,0,0,20,2,12,30,25,78.1%,7,0,0,25,0
20120804,32,0,0,0,0,0,0,20,2,12,30,25,78.1%,7,0,0,25,0
20120805,32,0,0,0,0,0,0,20,2,12,30,25,78.1%,7,0,0,25,0
20120805,32,0,0,0,0,0,0,20,2,12,30,25,78.1%,7,0,0,25,0
20120806,32,0,0,0,0,0,0,20,2,12,30,25,78.1%,7,0,0,25,0
20120806,32,0,0,0,0,0,0,20,2,12,30,25,78.1%,7,0,0,25,0
20120807,32,0,0,0,0,0,0,20,2,12,30,25,78.1%,7,0,0,25,0
20120807,32,0,0,0,0,0,0,20,2,12,30,25,78.1%,7,0,0,25,0
20120808,32,0,0,0,0,0,0,20,2,12,30,25,78.1%,7,0,0,25,0
20120808,32,0,0,0,0,0,0,20,2,12,30,25,78.1%,7,0,0,25,0
20120809,32,0,0,0,0,0,0,20,2,12,30,25,78.1%,7,0,0,25,0
20120809,32,0,0,0,0,0,0,20,2,12,30,25,78.1%,7,0,0,25,0
20120810,32,0,0,0,0,0,0,20,2,12,30,25,78.1%,7,0,0,25,0
20120810,32,0,0,0,0,0,0,20,2,12,30,25,78.1%,7,0,0,25,0
20120811,32,0,0,0,0,0,0,20,2,12,30,25,78.1%,7,0,0,25,0
20120811,32,0,0,0,0,0,0,20,2,12,30,25,78.1%,7,0,0,25,0
20120812,32,0,0,0,0,0,0,20,2,12,30,25,78.1%,7,0,0,25,0
20120812,32,0,0,0,0,0,0,20,2,12,30,25,78.1%,7,0,0,25,0
20120813,32,0,0,0,0,0,0,20,2,12,30,25,78.1%,7,0,0,25,0
20120813,32,0,0,0,0,0,0,20,2,12,30,25,78.1%,7,0,0,25,0
20120814,32,0,0,0,0,0,0,20,2,12,30,25,78.1%,7,0,0,25,0
20120814,32,0,0,0,0,0,0,20,2,12,30,25,78.1%,7,0,0,25,0
20120815,32,0,0,0,0,0,0,20,2,12,30,25,78.1%,7,0,0,25,0
20120815,32,0,0,0,0,0,0,20,2,12,30,25,78.1%,7,0,0,25,0
20120816,32,0,0,0,0,0,0,20,2,12,30,25,78.1%,7,0,0,25,0
20120816,32,0,0,0,0,0,0,20,2,12,30,25,78.1%,7,0,0,25,0
20120817,32,0,0,0,0,0,0,20,2,12,30,25,78.1%,7,0,0,25,0
20120817,32,0,0,0,0,0,0,20,2,12,30,25,78.1%,7,0,0,25,0
20120818,32,0,0,0,0,0,0,20,2,12,30,25,78.1%,7,0,0,25,0
20120818,32,0,0,0,0,0,0,20,2,12,30,25,78.1%,7,0,0,25,0
20120819,32,0,0,0,0,0,0,20,2,12,30,25,78.1%,7,0,0,25,0
20120819,32,0,0,0,0,0,0,20,2,12,30,25,78.1%,7,0,0,25,0
20120820,32,0,0,0,0,0,0,20,2,12,30,25,78.1%,7,0,0,25,0
20120820,32,0,0,0,0,0,0,20,2,12,30,25,78.1%,7,0,0,25,0
20120821,32,0,0,0,0,0,0,20,2,12,30,25,78.1%,7,0,0,25,0
20120821,32,0,0,0,0,0,0,20,2,12,30,25,78.1%,7,0,0,25,0
20120822,32,0,0,0,0,0,0,20,2,12,30,25,78.1%,7,0,0,25,0
20120822,32,0,0,0,0,0,0,20,2,12,30,25,78.1%,7,0,0,25,0
20120823,32,0,0,0,0,0,0,20,2,12,30,25,78.1%,7,0,0,25,0
20120823,32,0,0,0,0,0,0,20,2,12,30,25,78.1%,7,0,0,25,0
20120824,32,0,0,0,0,0,0,20,2,12,30,25,78.1%,7,0,0,25,0
20120824,32,0,0,0,0,0,0,20,2,12,30,25,78.1%,7,0,0,25,0
20120825,32,0,0,0,0,0,0,20,2,12,30,25,78.1%,7,0,0,25,0
20120825,32,0,0,0,0,0,0,20,2,12,30,25,78.1%,7,0,0,25,0
20120826,32,0,0,0,0,0,0,20,2,12,30,25,78.1%,7,0,0,25,0
20120826,32,0,0,0,0,0,0,20,2,12,30,25,78.1%,7,0,0,25,0
20120827,32,0,0,0,0,0,0,20,2,12,30,25,78.1%,7,0,0,25,0
20120827,32,0,0,0,0,0,0,20,2,12,30,25,78.1%,7,0,0,25,0
20120828,32,0,0,0,0,0,0,20,2,12,30,25,78.1%,7,0,0,25,0
20120828,32,0,0,0,0,0,0,20,2,12,30,25,78.1%,7,0,0,25,0
20120829,32,0,0,0,0,0,0,20,2,12,30,25,78.1%,7,0,0,25,0
20120829,32,0,0,0,0,0,0,20,2,12,30,25,78.1%,7,0,0,25,0
20120830,32,0,0,0,0,0,0,20,2,12,30,25,78.1%,7,0,0,25,0
20120830,32,0,0,0,0,0,0,20,2,12,30,25,78.1%,7,0,0,25,0
20120831,32,0,0,0,0,0,0,20,2,12,30,25,78.1%,7,0,0,25,0
20120831,32,0,0,0,0,0,0,20,2,12,30,25,78.1%,7,0,0,25,0
20120901,32,0,0,0,0,0,0,20,2,12,30,25,78.1%,7,0,0,25,0
20120901,32,0,0,0,0,0,0,20,2,12,30,25,78.1%,7,0,0,25,0
20120902,32,0,0,0,0,0,0,20,2,12,30,25,78.1%,7,0,0,25,0
20120902,32,0,0,0,0,0,0,20,2,12,30,25,78.1%,7,0,0,25,0
20120903,32,0,0,0,0,0,0,20,2,12,30,25,78.1%,7,0,0,25,0
20120903,32,0,0,0,0,0,0,20,2,12,30,25,78.1%,7,0,0,25,0
20120904,32,0,0,0,0,0,0,20,2,12,30,25,78.1%,7,0,0,25,0
20120904,32,0,0,0,0,0,0,20,2,12,30,25,78.1%,7,0,0,25,0
20120905,32,0,0,0,0,0,0,20,2,12,30,25,78.1%,7,0,0,25,0
20120905,32,0,0,0,0,0,0,20,2,12,30,25,78.1%,7,0,0,25,0
20120906,32,0,0,0,0,0,0,20,2,12,30,25,78.1%,7,0,0,25,0
20120906,32,0,0,0,0,0,0,20,2,12,30,25,78.1%,7,0,0,25,0
20120907,32,0,0,0,0,0,0,20,2,12,30,25,78.1%,7,0,0,25,0
20120907,32,0,0,0,0,0,0,20,2,12,30,25,78.1%,7,0,0,25,0
20120908,32,0,0,0,0,0,0,20,2,12,30,25,78.1%,7,0,0,25,0
20120908,32,0,0,0,0,0,0,20,2,12,30,25,78.1%,7,0,0,25,0
20120909,32,0,0,0,0,0,0,20,2,12,30,25,78.1%,7,0,0,25,0
20120909,32,0,0,0,0,0,0,20,2,12,30,25,78.1%,7,0,0,25,0
20120910,32,0,0,0,0,0,0,20,2,12,30,25,78.1%,7,0,0,25,0
20120910,32,0,0,0,0,0,0,20,2,12,30,25,78.1%,7,0,0,25,0
20120911,32,0,0,0,0,0,0,20,2,12,30,25,78.1%,7,0,0,25,0
20120911,32,0,0,0,0,0,0,20,2,12,30,25,78.1%,7,0,0,25,0
20120912,32,0,0,0,0,0,0,20,2,12,30,25,78.1%,7,0,0,25,0
20120912,32,0,0,0,0,0,0,20,2,12,30,25,78.1%,7,0,0,25,0
20120913,32,0,0,0,0,0,0,20,2,12,30,25,78.1%,7,0,0,25,0
20120913,32,0,0,0,0,0,0,20,2,12,30,25,78.1%,7,0,0,25,0
20120914,32,0,0,0,0,0,0,20,2,12,30,25,78.1%,7,0,0,25,0
20120914,32,0,0,0,0,0,0,20,2,12,30,25,78.1%,7,0,0,25,0
20120915,32,0,0,0,0,0,0,20,2,12,30,25,78.1%,7,0,0,25,0
20120915,32,0,0,0,0,0,0,20,2,12,30,25,78.1%,7,0,0,25,0
20120916,32,0,0,0,0,0,0,20,2,12,30,25,78.1%,7,0,0,25,0
20120916,32,0,0,0,0,0,0,20,2,12,30,25,78.1%,7,0,0,25,0
20120917,32,0,0,0,0,0,0,20,2,12,30,25,78.1%,7,0,0,25,0
20120917,32,0,0,0,0,0,0,20,2,12,30,25,78.1%,7,0,0,25,0
20120918,32,0,0,0,0,0,0,20,2,12,30,25,78.1%,7,0,0,25,0
20120918,32,0,0,0,0,0,0,20,2,12,30,25,78.1%,7,0,0,25,0
20120919,32,0,0,0,0,0,0,20,2,12,30,25,78.1%,7,0,0,25,0
20120919,32,0,0,0,0,0,0,20,2,12,30,25,78.1%,7,0,0,25,0
20120920,32,0,0,0,0,0,0,20,2,12,30,25,78.1%,7,0,0,25,0
20120920,32,0,0,0,0,0,0,20,2,12,30,25,78.1%,7,0,0,25,0
20120921,32,0,0,0,0,0,0,20,2,12,30,25,78.1%,7,0,0,25,0
20120921,32,0,0,0,0,0,0,20,2,12,30,25,78.1%,7,0,0,25,0
20120922,32,0,0,0,0,0,0,20,2,12,30,25,78.1%,7,0,0,25,0
20120922,32,0,0,0,0,0,0,20,2,12,30,25,78.1%,7,0,0,25,0
20120923,32,0,0,0,0,0,0,20,2,12,30,25,78.1%,7,0,0,25,0
20120923,32,0,0,0,0,0,0,20,2,12,30,25,78.1%,7,0,0,25,0
20120924,32,0,0,0,0,0,0,20,2,12,30,25,78.1%,7,0,0,25,0
20120924,32,0,0,0,0,0,0,20,2,12,30,25,78.1%,7,0,0,25,0
20120925,32,0,0,0,0,0,0,20,2,12,30,25,78.1%,7,0,0,25,0
20120925,32,0,0,0,0,0,0,20,2,12,30,25,78.1%,7,0,0,25,0
20120926,32,0,0,0,0,0,0,20,2,12,30,25,78.1%,7,0,0,25,0
20120926,32,0,0,0,0,0,0,20,2,12,30,25,78.1%,7,0,0,25,0
20120927,32,0,0,0,0,0,0,20,2,12,30,25,78.1%,7,0,0,25,0
20120927,32,0,0,0,0,0,0,20,2,12,30,25,78.1%,7,0,0,25,0
20120928,32,0,0,0,0,0,0,20,2,12,30,25,78.1%,7,0,0,25,0
20120928,32,0,0,0,0,0,0,20,2,12,30,25,78.1%,7,0,0,25,0
20120929,32,0,0,0,0,0,0,20,2,12,30,25,78.1%,7,0,0,25,0
20120929,32,0,0,0,0,0,0,20,2,12,30,25,78.1%,7,0,0,25,0
20120930,32,0,0,0,0,0,0,20,2,12,30,25,78.1%,7,0,0,25,0
20120930,32,0,0,0,0,0,0,20,2,12,30,25,78.1%,7,0,0,25,0
20121001,32,0,0,0,0,0,0,20,2,12,30,25,78.1%,7,0,0,25,0
20121001,32,0,0,0,0,0,0,20,2,12,30,25,78.1%,7,0,0,25,0
20121002,32,0,0,0,0,0,0,20,2,12,30,25,78.1%,7,0,0,25,0
20121002,32,0,0,0,0,0,0,20,2,12,30,25,78.1%,7,0,0,25,0
20121003,32,0,0,0,0,0,0,20,2,12,30,25,78.1%,7,0,0,25,0
20121003,32,0,0,0,0,0,0,20,2,12,30,25,78.1%,7,0,0,25,0
20121004,32,0,0,0,0,0,0,20,2,12,30,25,78.1%,7,0,0,25,0
20121004,32,0,0,0,0,0,0,20,2,12,30,25,78.1%,7,0,0,25,0
20121005,32,0,0,0,0,0,0,20,2,12,30,25,78.1%,7,0,0,25,0
20121005,32,0,0,0,0,0,0,20,2,12,30,25,78.1%,7,0,0,25,0
20121006,32,0,0,0,0,0,0,20,2,12,30,25,78.1%,7,0,0,25,0
20121006,32,0,0,0,0,0,0,20,2,12,30,25,78.1%,7,0,0,25,0
20121007,32,0,0,0,0,0,0,20,2,12,30,25,78.1%,7,0,0,25,0
20121007,32,0,0,0,0,0,0,20,2,12,30,25,78.1%,7,0,0,25,0
20121008,32,0,0,0,0,0,0,20,2,12,30,25,78.1%,7,0,0,25,0
20121008,32,0,0,0,0,0,0,20,2,12,30,25,78.1%,7,0,0,25,0
20121009,32,0,0,0,0,0,0,20,2,12,30,25,78.1%,7,0,0,25,0
20121009,32,0,0,0,0,0,0,20,2,12,30,25,78.1%,7,0,0,25,0
20121010,32,0,0,0,0,0,0,20,2,12,30,25,78.1%,7,0,0,25,0
20121010,32,0,0,0,0,0,0,20,2,12,30,25,78.1%,7,0,0,25,0
20121011,32,0,0,0,0,0,0,20,2,12,30,25,78.1%,7,0,0,25,0
20121011,32,0,0,0,0,0,0,20,2,12,30,25,78.1%,7,0,0,25,0
20121012,32,0,0,0,0,0,0,20,2,12,30,25,78.1%,7,0,0,25,0
20121012,32,0,0,0,0,0,0,20,2,12,30,25,78.1%,7,0,0,25,0
20121013,32,0,0,0,0,0,0,20,2,12,30,25,78.1%,7,0,0,25,0
20121013,32,0,0,0,0,0,0,20,2,12,30,25,78.1%,7,0,0,25,0
20121014,32,0,0,0,0,0,0,20,2,12,30,25,78.1%,7,0,0,25,0
20121014,32,0,0,0,0,0,0,20,2,12,30,25,78.1%,7,0,0,25,0
20121015,32,0,0,0,0,0,0,20,2,12,30,25,78.1%,7,0,0,25,0
20121015,32,0,0,0,0,0,0,20,2,12,30,25,78.1%,7,0,0,25,0
20121016,32,0,0,0,0,0,0,20,2,12,30,25,78.1%,7,0,0,25,0
20121016,32,0,0,0,0,0,0,20,2,12,30,25,78.1%,7,0,0,25,0
20121017,32,0,0,0,0,0,0,20,2,12,30,25,78.1%,7,0,0,25,0
20121017,32,0,0,0,0,0,0,20,2,12,30,25,78.1%,7,0,0,25,0
20121018,32,0,0,0,0,0,0,20,2,12,30,25,78.1%,7,0,0,25,0
20121018,32,0,0,0,0,0,0,20,2,12,30,25,78.1%,7,0,0,25,0
20121019,32,0,0,0,0,0,0,20,2,12,30,25,78.1%,7,0,0,25,0
20121019,32,0,0,0,0,0,0,20,2,12,30,25,78.1%,7,0,0,25,0
20121020,32,0,0,0,0,0,0,20,2,12,30,25,78.1%,7,0,0,25,0
20121020,32,0,0,0,0,0,0,20,2,12,30,25,78.1%,7,0,0,25,0
20121021,32,0,0,0,0,0,0,20,2,12,30,25,78.1%,7,0,0,25,0
20121021,32,0,0,0,0,0,0,20,2,12,30,25,78.1%,7,0,0,25,0
20121022,32,0,0,0,0,0,0,20,2,12,30,25,78.1%,7,0,0,25,0
20121022,32,0,0,0,0,0,0,20,2,12,30,25,78.1%,7,0,0,25,0
20121023,32,0,0,0,0,0,0,20,2,12,30,25,78.1%,7,0,0,25,0
20121023,32,0,0,0,0,0,0,20,2,12,30,25,78.1%,7,0,0,25,0
20121024,32,0,0,0,0,0,0,20,2,12,30,25,78.1%,7,0,0,25,0
20121024,32,0,0,0,0,0,0,20,2,12,30,25,78.1%,7,0,0,25,0
20121025,32,0,0,0,0,0,0,20,2,12,30,25,78.1%,7,0,0,25,0
20121025,32,0,0,0,0,0,0,20,2,12,30,25,78.1%,7,0,0,25,0
20121026,32,0,0,0,0,0,0,20,2,12,30,25,78.1%,7,0,0,25,0
20121026,32,0,0,0,0,0,0,20,2,12,30,25,78.1%,7,0,0,25,0
20121027,32,0,0,0,0,0,0,20,2,12,30,25,78.1%,7,0,0,25,0
20121027,32,0,0,0,0,0,0,20,2,12,30,25,78.1%,7,0,0,25,0
20121028,32,0,0,0,0,0,0,20,2,12,30,25,78.1%,7,0,0,25,0
20121028,32,0,0,0,0,0,0,20,2,12,30,25,78.1%,7,0,0,25,0
20121029,32,0,0,0,0,0,0,20,2,12,30,25,78.1%,7,0,0,25,0
20121029,32,0,0,0,0,0,0,20,2,12,30,25,78.1%,7,0,0,25,0
20121030,32,0,0,0,0,0,0,20,2,12,30,25,78.1%,7,0,0,25,0
20121030,32,0,0,0,0,0,0,20,2,12,30,25,78.1%,7,0,0,25,0
20121031,32,0,0,0,0,0,0,20,2,12,30,25,78.1%,7,0,0,25,0
20121031,32,0,0,0,0,0,0,20,2,12,30,25,78.1%,7,0,0,25,0
20121101,32,0,0,0,0,0,0,20,2,12,30,25,78.1%,7,0,0,25,0
20121102,32,0,0,0,0,0,0,20,2,12,30,25,78.1%,7,0,0,25,0
20121102,32,0,0,0,0,0,0,20,2,12,30,25,78.1%,7,0,0,25,0
20121103,32,0,0,0,0,0,0,20,2,12,30,25,78.1%,7,0,0,25,0
20121103,32,0,0,0,0,0,0,20,2,12,30,25,78.1%,7,0,0,25,0
20121104,32,0,0,0,0,0,0,20,2,12,30,25,78.1%,7,0,0,25,0
20121104,32,0,0,0,0,0,0,20,2,12,30,25,78.1%,7,0,0,25,0
20121105,32,0,0,0,0,0,0,20,2,12,30,25,78.1%,7,0,0,25,0
20121105,32,0,0,0,0,0,0,20,2,12,30,25,78.1%,7,0,0,25,0
20121106,32,0,0,0,0,0,0,20,2,12,30,25,78.1%,7,0,0,25,0
20121106,32,0,0,0,0,0,0,20,2,12,30,25,78.1%,7,0,0,25,0
20121107,32,0,0,0,0,0,0,20,2,12,30,25,78.1%,7,0,0,25,0
20121107,32,0,0,0,0,0,0,20,2,12,30,25,78.1%,7,0,0,25,0
20121108,32,0,0,0,0,0,0,20,2,12,30,25,78.1%,7,0,0,25,0
20121108,32,0,0,0,0,0,0,20,2,12,30,25,78.1%,7,0,0,25,0
20121109,32,0,0,0,0,0,0,20,2,12,30,25,78.1%,7,0,0,25,0
20121109,32,0,0,0,0,0,0,20,2,12,30,25,78.1%,7,0,0,25,0
20121110,32,0,0,0,0,0,0,20,2,12,30,25,78.1%,7,0,0,25,0
20121110,32,0,0,0,0,0,0,20,2,12,30,25,78.1%,7,0,0,25,0
20121111,32,0,0,0,0,0,0,20,2,12,30,25,78.1%,7,0,0,25,0
20121111,32,0,0,0,0,0,0,20,2,12,30,25,78.1%,7,0,0,25,0
20121112,32,0,0,0,0,0,0,20,2,12,30,25,78.1%,7,0,0,25,0
20121112,32,0,0,0,0,0,0,20,2,12,30,25,78.1%,7,0,0,25,0
20121113,32,0,0,0,0,0,0,20,2,12,30,25,78.1%,7,0,0,25,0
20121113,32,0,0,0,0,0,0,20,2,12,30,25,78.1%,7,0,0,25,0
20121114,32,0,0,0,0,0,0,20,2,12,30,25,78.1%,7,0,0,25,0
20121114,32,0,0,0,0,0,0,20,2,12,30,25,78.1%,7,0,0,25,0
20121115,32,0,0,0,0,0,0,20,2,12,30,25,78.1%,7,0,0,25,0
20121115,32,0,0,0,0,0,0,20,2,12,30,25,78.1%,7,0,0,25,0
20121116,32,0,0,0,0,0,0,20,2,12,30,25,78.1%,7,0,0,25,0
20121116,32,0,0,0,0,0,0,20,2,12,30,25,78.1%,7,0,0,25,0
20121117,32,0,0,0,0,0,0,20,2,12,30,25,78.1%,7,0,0,25,0
20121117,32,0,0,0,0,0,0,20,2,12,30,25,78.1%,7,0,0,25,0
20121118,32,0,0,0,0,0,0,20,2,12,30,25,78.1%,7,0,0,25,0
20121118,32,0,0,0,0,0,0,20,2,12,30,25,78.1%,7,0,0,25,0
20121119,32,0,0,0,0,0,0,20,2,12,30,25,78.1%,7,0,0,25,0
20121119,32,0,0,0,0,0,0,20,2,12,30,25,78.1%,7,0,0,25,0
20121120,32,0,0,0,0,0,0,20,2,12,30,25,78.1%,7,0,0,25,0
20121120,32,0,0,0,0,0,0,20,2,12,30,25,78.1%,7,0,0,25,0
20121121,32,0,0,0,0,0,0,20,2,12,30,25,78.1%,7,0,0,25,0
20121121,32,0,0,0,0,0,0,20,2,12,30,25,78.1%,7,0,0,25,0
20121122,32,0,0,0,0,0,0,20,2,12,30,25,78.1%,7,0,0,25,0
20121122,32,0,0,0,0,0,0,20,2,12,30,25,78.1%,7,0,0,25,0
20121123,32,0,0,0,0,0,0,20,2,12,30,25,78.1%,7,0,0,25,0
20121123,32,0,0,0,0,0,0,20,2,12,30,25,78.1%,7,0,0,25,0
20121124,32,0,0,0,0,0,0,20,2,12,30,25,78.1%,7,0,0,25,0
20121124,32,0,0,0,0,0,0,20,2,12,30,25,78.1%,7,0,0,25,0
20121125,32,0,0,0,0,0,0,20,2,12,30,25,78.1%,7,0,0,25,0
20121125,32,0,0,0,0,0,0,20,2,12,30,25,78.1%,7,0,0,25,0
20121126,32,0,0,0,0,0,0,20,2,12,30,25,78.1%,7,0,0,25,0
20121126,32,0,0,0,0,0,0,20,2,12,30,25,78.1%,7,0,0,25,0
20121127,32,0,0,0,0,0,0,20,2,12,30,25,78.1%,7,0,0,25,0
20121127,32,0,0,0,0,0,0,20,2,12,30,25,78.1%,7,0,0,25,0
20121128,32,0,0,0,0,0,0,20,2,12,30,25,78.1%,7,0,0,25,0
20121128,32,0,0,0,0,0,0,20,2,12,30,25,78.1%,7,0,0,25,0
20121129,32,0,0,0,0,0,0,20,2,12,30,25,78.1%,7,0,0,25,0
20121129,32,0,0,0,0,0,0,20,2,12,30,25,78.1%,7,0,0,25,0
20121130,32,0,0,0,0,0,0,20,2,12,30,25,78.1%,7,0,0,25,0
20121130,32,0,0,0,0,0,0,20,2,12,30,25,78.1%,7,0,0,25,0
20121201,32,0,0,0,0,0,0,20,2,12,30,25,78.1%,7,0,0,25,0
20121201,32,0,0,0,0,0,0,20,2,12,30,25,78.1%,7,0,0,25,0
20121202,32,0,0,0,0,0,0,20,2,12,30,25,78.1%,7,0,0,25,0
20121202,32,0,0,0,0,0,0,20,2,12,30,25,78.1%,7,0,0,25,0
20121203,32,0,0,0,0,0,0,20,2,12,30,25,78.1%,7,0,0,25,0
20121203,32,0,0,0,0,0,0,20,2,12,30,25,78.1%,7,0,0,25,0
20121204,32,0,0,0,0,0,0,20,2,12,30,25,78.1%,7,0,0,25,0
20121204,32,0,0,0,0,0,0,20,2,12,30,25,78.1%,7,0,0,25,0
20121205,32,0,0,0,0,0,0,20,2,12,30,25,78.1%,7,0,0,25,0
20121205,32,0,0,0,0,0,0,20,2,12,30,25,78.1%,7,0,0,25,0
20121206,32,0,0,0,0,0,0,20,2,12,30,25,78.1%,7,0,0,25,0
20121206,32,0,0,0,0,0,0,20,2,12,30,25,78.1%,7,0,0,25,0
20121207,32,0,0,0,0,0,0,20,2,12,30,25,78.1%,7,0,0,25,0
20121207,32,0,0,0,0,0,0,20,2,12,30,25,78.1%,7,0,0,25,0
20121208,32,0,0,0,0,0,0,20,2,12,30,25,78.1%,7,0,0,25,0
20121208,32,0,0,0,0,0,0,20,2,12,30,25,78.1%,7,0,0,25,0
20121209,32,0,0,0,0,0,0,20,2,12,30,25,78.1%,7,0,0,25,0
20121209,32,0,0,0,0,0,0,20,2,12,30,25,78.1%,7,0,0,25,0
20121210,32,0,0,0,0,0,0,20,2,12,30,25,78.1%,7,0,0,25,0
20121210,32,0,0,0,0,0,0,20,2,12,30,25,78.1%,7,0,0,25,0
20121211,32,0,0,0,0,0,0,20,2,12,30,25,78.1%,7,0,0,25,0
20121211,32,0,0,0,0,0,0,20,2,12,30,25,78.1%,7,0,0,25,0
20121212,32,0,0,0,0,0,0,20,2,12,30,25,78.1%,7,0,0,25,0
20121212,32,0,0,0,0,0,0,20,2,12,30,25,78.1%,7,0,0,25,0
20121213,32,0,0,0,0,0,0,20,2,12,30,25,78.1%,7,0,0,25,0
20121213,32,0,0,0,0,0,0,20,2,12,30,25,78.1%,7,0,0,25,0
20121214,32,0,0,0,0,0,0,20,2,12,30,25,78.1%,7,0,0,25,0
20121214,32,0,0,0,0,0,0,20,2,12,30,25,78.1%,7,0,0,25,0
20121215,32,0,0,0,0,0,0,20,2,12,30,25,78.1%,7,0,0,25,0
20121216,32,0,0,0,0,0,0,20,2,12,30,25,78.1%,7,0,0,25,0
20121216,32,0,0,0,0,0,0,20,2,12,30,25,78.1%,7,0,0,25,0
20121217,32,0,0,0,0,0,0,20,2,12,30,25,78.1%,7,0,0,25,0
20121217,32,0,0,0,0,0,0,20,2,12,30,25,78.1%,7,0,0,25,0
20121218,32,0,0,0,0,0,0,20,2,12,30,25,78.1%,7,0,0,25,0
20121218,32,0,0,0,0,0,0,20,2,12,30,25,78.1%,7,0,0,25,0
20121219,32,0,0,0,0,0,0,20,2,12,30,25,78.1%,7,0,0,25,0
20121219,32,0,0,0,0,0,0,20,2,12,30,25,78.1%,7,0,0,25,0
20121220,32,0,0,0,0,0,0,20,2,12,30,25,78.1%,7,0,0,25,0
20121220,32,0,0,0,0,0,0,20,2,12,30,25,78.1%,7,0,0,25,0
20121221,32,0,0,0,0,0,0,20,2,12,30,25,78.1%,7,0,0,25,0
20121221,32,0,0,0,0,0,0,20,2,12,30,25,78.1%,7,0,0,25,0
20121222,32,0,0,0,0,0,0,20,2,12,30,25,78.1%,7,0,0,25,0
20121222,32,0,0,0,0,0,0,20,2,12,30,25,78.1%,7,0,0,25,0
20121223,32,0,0,0,0,0,0,20,2,12,30,25,78.1%,7,0,0,25,0
20121223,32,0,0,0,0,0,0,20,2,12,30,25,78.1%,7,0,0,25,0
20121224,32,0,0,0,0,0,0,20,2,12,30,25,78.1%,7,0,0,25,0
20121224,32,0,0,0,0,0,0,20,2,12,30,25,78.1%,7,0,0,25,0
20121225,32,0,0,0,0,0,0,20,2,12,30,25,78.1%,7,0,0,25,0
20121225,32,0,0,0,0,0,0,20,2,12,30,25,78.1%,7,0,0,25,0
20121226,32,0,0,0,0,0,0,20,2,12,30,25,78.1%,7,0,0,25,0
20121226,32,0,0,0,0,0,0,20,2,12,30,25,78.1%,7,0,0,25,0
20121227,32,0,0,0,0,0,0,20,2,12,30,25,78.1%,7,0,0,25,0
20121227,32,0,0,0,0,0,0,20,2,12,30,25,78.1%,7,0,0,25,0
20121228,32,0,0,0,0,0,0,20,2,12,30,25,78.1%,7,0,0,25,0
20121228,32,0,0,0,0,0,0,20,2,12,30,25,78.1%,7,0,0,25,0
20121229,32,0,0,0,0,0,0,20,2,12,30,25,78.1%,7,0,0,25,0
20121229,32,0,0,0,0,0,0,20,2,12,30,25,78.1%,7,0,0,25,0
20121230,32,0,0,0,0,0,0,20,2,12,30,25,78.1%,7,0,0,25,0
20121230,32,0,0,0,0,0,0,20,2,12,30,25,78.1%,7,0,0,25,0
20121231,32,0,0,0,0,0,0,20,2,12,30,25,78.1%,7,0,0,25,0
20121231,32,0,0,0,0,0,0,20,2,12,30,25,78.1%,7,0,0,25,0
20130101,32,0,0,0,0,0,0,20,2,12,30,25,78.1%,7,0,0,25,0
20130101,32,0,0,0,0,0,0,20,2,12,30,25,78.1%,7,0,0,25,0
20130102,32,0,0,0,0,0,0,20,2,12,30,25,78.1%,7,0,0,25,0
20130102,32,0,0,0,0,0,0,20,2,12,30,25,78.1%,7,0,0,25,0
20130103,32,0,0,0,0,0,0,20,2,12,30,25,78.1%,7,0,0,25,0
20130103,32,0,0,0,0,0,0,20,2,12,30,25,78.1%,7,0,0,25,0
20130104,32,0,0,0,0,0,0,20,2,12,30,25,78.1%,7,0,0,25,0
20130104,32,0,0,0,0,0,0,20,2,12,30,25,78.1%,7,0,0,25,0
20130105,32,0,0,0,0,0,0,20,2,12,30,25,78.1%,7,0,0,25,0
20130105,32,0,0,0,0,0,0,20,2,12,30,25,78.1%,7,0,0,25,0
20130106,32,0,0,0,0,0,0,20,2,12,30,25,78.1%,7,0,0,25,0
20130106,32,0,0,0,0,0,0,20,2,12,30,25,78.1%,7,0,0,25,0
20130107,32,0,0,0,0,0,0,20,2,12,30,25,78.1%,7,0,0,25,0
20130107,32,0,0,0,0,0,0,20,2,12,30,25,78.1%,7,0,0,25,0
20130108,32,0,0,0,0,0,0,20,2,12,30,25,78.1%,7,0,0,25,0
20130108,32,0,0,0,0,0,0,20,2,12,30,25,78.1%,7,0,0,25,0
20130109,32,0,0,0,0,0,0,20,2,12,30,25,78.1%,7,0,0,25,0
20130109,32,0,0,0,0,0,0,20,2,12,30,25,78.1%,7,0,0,25,0
20130110,32,0,0,0,0,0,0,20,2,12,30,25,78.1%,7,0,0,25,0
20130110,32,0,0,0,0,0,0,20,2,12,30,25,78.1%,7,0,0,25,0
20130111,32,0,0,0,0,0,0,20,2,12,30,25,78.1%,7,0,0,25,0
20130111,32,0,0,0,0,0,0,20,2,12,30,25,78.1%,7,0,0,25,0
20130112,32,0,0,0,0,0,0,20,2,12,30,25,78.1%,7,0,0,25,0
20130112,32,0,0,0,0,0,0,20,2,12,30,25,78.1%,7,0,0,25,0
20130113,32,0,0,0,0,0,0,20,2,12,30,25,78.1%,7,0,0,25,0
20130113,32,0,0,0,0,0,0,20,2,12,30,25,78.1%,7,0,0,25,0
20130114,32,0,0,0,0,0,0,20,2,12,30,25,78.1%,7,0,0,25,0
20130114,32,0,0,0,0,0,0,20,2,12,30,25,78.1%,7,0,0,25,0
20130115,32,0,0,0,0,0,0,20,2,12,30,25,78.1%,7,0,0,25,0
20130115,32,0,0,0,0,0,0,20,2,12,30,25,78.1%,7,0,0,25,0
20130116,32,0,0,0,0,0,0,20,2,12,30,25,78.1%,7,0,0,25,0
20130116,32,0,0,0,0,0,0,20,2,12,30,25,78.1%,7,0,0,25,0
20130117,32,0,0,0,0,0,0,20,2,12,30,25,78.1%,7,0,0,25,0
20130117,32,0,0,0,0,0,0,20,2,12,30,25,78.1%,7,0,0,25,0
20130118,32,0,0,0,0,0,0,20,2,12,30,25,78.1%,7,0,0,25,0
20130118,32,0,0,0,0,0,0,20,2,12,30,25,78.1%,7,0,0,25,0
20130119,32,0,0,0,0,0,0,20,2,12,30,25,78.1%,7,0,0,25,0
