20151230,1,1,1,0,0,0,0,0,0,0,0,0,0.0%,0,0,0,0,0
20151231,1,1,1,0,0,0,0,0,0,0,0,0,0.0%,0,0,0,0,0
20160101,1,1,1,0,0,0,0,0,0,0,0,0,0.0%,0,0,0,0,0
20160102,1,1,1,0,0,0,0,0,0,0,0,0,0.0%,0,0,0,0,0
20160103,1,1,1,0,0,0,0,0,0,0,0,0,0.0%,0,0,0,0,0
20160104,1,1,1,0,0,0,0,0,0,0,0,0,0.0%,0,0,0,0,0
20160105,1,1,1,0,0,0,0,0,0,0,0,0,0.0%,0,0,0,0,0
20160106,1,1,1,0,0,0,0,0,0,0,0,0,0.0%,0,0,0,0,0
20160107,1,1,1,0,0,0,0,0,0,0,0,0,0.0%,0,0,0,0,0
20160108,2,2,2,0,0,0,0,0,0,0,0,0,0.0%,0,0,0,0,0
20160109,3,3,3,0,0,0,0,0,0,0,0,0,0.0%,0,0,0,0,0
20160110,3,3,3,0,0,0,0,0,0,0,0,0,0.0%,0,0,0,0,0
20160111,3,3,3,0,0,0,0,0,0,0,0,0,0.0%,0,0,0,0,0
20160112,3,3,3,0,0,0,0,0,0,0,0,0,0.0%,0,0,0,0,0
20160113,5,5,5,0,0,0,0,0,0,0,0,0,0.0%,0,0,0,0,0
20160114,9,9,9,0,0,0,0,0,0,0,0,0,0.0%,0,0,0,0,0
20160115,12,12,12,0,0,0,0,0,0,0,0,0,0.0%,0,0,0,0,0
20160116,30,30,30,0,0,0,0,0,0,0,0,0,0.0%,0,0,0,0,0
20160117,32,32,32,0,0,0,0,0,0,0,0,0,0.0%,0,0,0,0,0
20160118,32,32,32,0,0,0,0,0,0,0,0,0,0.0%,0,0,0,0,0
20160119,33,33,33,0,0,0,0,0,0,0,0,0,0.0%,0,0,0,0,0
20160120,33,33,33,0,0,0,0,0,0,0,0,0,0.0%,0,0,0,0,0
20160121,34,34,34,0,0,0,0,0,0,0,0,0,0.0%,0,0,0,0,0
20160122,38,38,38,0,0,0,0,0,0,0,0,0,0.0%,0,0,0,0,0
20160123,38,38,38,0,0,0,0,0,0,0,0,0,0.0%,0,0,0,0,0
20160124,38,38,38,0,0,0,0,0,0,0,0,0,0.0%,0,0,0,0,0
20160126,38,38,38,0,0,0,0,0,0,0,0,0,0.0%,0,0,0,0,0
20160127,38,38,38,0,0,0,0,0,0,0,0,0,0.0%,0,0,0,0,0
20160128,39,39,39,0,0,0,0,0,0,0,0,0,0.0%,0,0,0,0,0
20160129,39,39,39,0,0,0,0,0,0,0,0,0,0.0%,0,0,0,0,0
20160130,39,39,39,0,0,0,0,0,0,0,0,0,0.0%,0,0,0,0,0
20160131,39,39,39,0,0,0,0,0,0,0,0,0,0.0%,0,0,0,0,0
20160201,39,39,39,0,0,0,0,0,0,0,0,0,0.0%,0,0,0,0,0
20160202,41,41,41,0,0,0,0,0,0,0,0,0,0.0%,0,0,0,0,0
20160203,41,41,41,0,0,0,0,0,0,0,0,0,0.0%,0,0,0,0,0
20160204,41,41,41,0,0,0,0,0,0,0,0,0,0.0%,0,0,0,0,0
20160205,42,42,42,0,0,0,0,0,0,0,0,0,0.0%,0,0,0,0,0
20160206,43,43,43,0,0,0,0,0,0,0,0,0,0.0%,0,0,0,0,0
20160207,43,43,43,0,0,0,0,0,0,0,0,0,0.0%,0,0,0,0,0
20160208,43,43,43,0,0,0,0,0,0,0,0,0,0.0%,0,0,0,0,0
20160209,44,44,44,0,0,0,0,0,0,0,0,0,0.0%,0,0,0,0,0
20160210,45,45,45,0,0,0,0,0,0,0,0,0,0.0%,0,0,0,0,0
20160211,47,47,47,0,0,0,0,0,0,0,0,0,0.0%,0,0,0,0,0
20160212,48,48,48,0,0,0,0,0,0,0,0,0,0.0%,0,0,0,0,0
20160213,50,50,50,0,0,0,0,0,0,0,0,0,0.0%,0,0,0,0,0
20160214,55,55,54,0,1,0,0,0,0,0,0,0,0.0%,0,0,0,0,0
20160215,62,62,61,0,1,0,0,0,0,0,0,0,0.0%,0,0,0,0,0
20160216,74,74,73,0,1,0,0,0,0,0,0,0,0.0%,0,0,0,0,0
20160217,76,76,75,0,1,0,0,0,0,0,0,0,0.0%,0,0,0,0,0
20160223,80,80,79,0,1,0,0,0,0,0,0,0,0.0%,0,0,0,0,0
20160224,81,81,80,0,1,0,0,0,0,0,0,0,0.0%,0,0,0,0,0
20160225,83,83,81,0,2,0,0,0,0,0,0,0,0.0%,0,0,0,0,0
20160226,87,87,85,0,2,0,0,0,0,0,0,0,0.0%,0,0,0,0,0
20160227,88,85,36,3,42,0,5,0,1,0,4,0,0.0%,0,0,0,0,0
20160228,88,83,15,5,46,0,19,0,4,0,4,0,0.0%,0,0,0,0,0
20160229,91,82,19,8,42,1,20,0,6,0,4,0,0.0%,0,0,0,0,0
20160301,98,82,12,15,44,1,29,0,7,0,6,0,0.0%,0,0,0,0,0
20160302,100,82,7,17,34,1,28,0,17,0,14,0,0.0%,0,0,0,0,0
20160303,101,79,7,20,30,2,29,0,18,0,17,0,0.0%,0,0,0,0,0
20160304,101,65,7,34,30,2,28,0,19,0,17,0,0.0%,0,0,0,0,0
20160305,101,60,5,37,19,4,22,0,32,0,23,0,0.0%,0,0,0,0,0
20160306,103,60,6,38,19,5,22,0,33,0,23,0,0.0%,0,0,0,0,0
20160307,103,59,4,37,15,6,21,1,38,0,25,0,0.0%,0,0,0,0,0
20160308,103,57,4,36,13,9,16,1,29,0,41,0,0.0%,0,0,0,0,0
20160309,103,53,4,31,13,17,17,2,28,0,41,0,0.0%,0,0,0,0,0
20160310,104,49,5,33,13,17,15,5,28,0,43,0,0.0%,0,0,0,0,0
20160311,105,48,5,35,12,17,15,5,28,0,45,0,0.0%,0,0,0,0,0
20160312,107,50,6,35,11,16,15,5,29,1,46,0,0.0%,0,0,0,0,0
20160313,108,51,7,33,11,17,15,6,29,1,46,0,0.0%,0,0,0,0,0
20160314,108,50,4,34,13,17,16,5,29,2,46,0,0.0%,0,0,0,0,0
20160315,109,50,5,32,13,17,16,8,29,2,46,0,0.0%,0,0,0,0,0
20160316,114,54,8,31,13,19,17,8,29,2,47,0,0.0%,0,0,0,0,0
20160317,117,54,11,33,13,20,17,8,30,2,46,0,0.0%,0,0,0,0,0
20160318,119,53,12,35,13,21,17,8,30,2,47,0,0.0%,0,0,0,0,0
20160319,119,52,12,36,13,20,17,9,30,2,47,0,0.0%,0,0,0,0,0
20160320,121,52,1,37,7,20,13,10,39,2,61,0,0.0%,0,0,0,0,0
20160321,124,48,3,42,7,20,14,12,39,2,61,0,0.0%,0,0,0,0,0
20160322,130,50,8,45,8,21,14,12,40,2,60,0,0.0%,0,0,0,0,0
20160323,135,45,3,45,1,25,3,16,24,4,104,0,0.0%,0,0,0,0,0
20160324,137,44,5,43,1,27,3,18,26,5,102,0,0.0%,0,0,0,0,0
20160325,139,43,7,40,1,32,3,18,23,6,105,0,0.0%,0,0,0,0,0
20160326,141,45,7,38,2,28,4,23,25,7,103,0,0.0%,0,0,0,0,0
20160327,142,46,7,38,2,27,4,23,27,8,102,0,0.0%,0,0,0,0,0
20160328,143,43,3,41,1,26,1,25,28,8,110,0,0.0%,0,0,0,0,0
20160329,146,42,6,41,1,26,1,28,27,9,111,0,0.0%,0,0,0,0,0
20160330,152,47,9,41,1,27,1,28,26,9,115,0,0.0%,0,0,0,0,0
20160331,173,65,28,40,1,30,1,29,28,9,115,0,0.0%,0,0,0,0,0
20160401,227,117,74,39,1,31,2,29,34,11,116,0,0.0%,0,0,0,0,0
20160402,231,117,74,38,1,30,3,35,36,11,117,0,0.0%,0,0,0,0,0
20160403,234,118,49,36,18,34,5,35,41,11,121,0,0.0%,0,0,0,0,0
20160404,236,114,37,42,23,32,11,37,45,11,120,0,0.0%,0,0,0,0,0
20160405,238,108,36,45,21,35,13,38,44,12,124,0,0.0%,0,0,0,0,0
20160406,239,99,32,52,14,33,13,40,46,15,134,0,0.0%,0,0,0,0,0
20160407,241,94,26,53,16,37,14,40,49,17,136,0,0.0%,0,0,0,0,0
20160408,242,90,25,54,17,39,13,42,54,17,133,0,0.0%,0,0,0,0,0
20160409,243,90,25,51,17,42,13,43,52,17,136,0,0.0%,0,0,0,0,0
20160410,246,85,25,50,17,44,12,48,52,19,140,0,0.0%,0,0,0,0,0
20160411,248,76,10,50,14,43,16,53,52,26,156,0,0.0%,0,0,0,0,0
20160412,250,63,8,52,11,48,10,59,49,28,172,0,0.0%,0,0,0,0,0
20160413,251,62,6,50,9,48,9,62,48,29,179,0,0.0%,0,0,0,0,0
20160414,253,57,7,54,8,49,7,60,47,33,184,0,0.0%,0,0,0,0,0
20160415,254,50,6,57,5,50,10,64,47,33,186,0,0.0%,0,0,0,0,0
20160416,254,41,6,59,5,54,9,66,46,34,188,0,0.0%,0,0,0,0,0
20160417,254,40,6,55,5,56,9,69,47,34,187,0,0.0%,0,0,0,0,0
20160418,254,37,5,52,3,55,1,73,50,37,195,0,0.0%,0,0,0,0,0
20160419,254,32,2,48,0,54,3,81,45,39,204,0,0.0%,0,0,0,0,0
20160420,255,27,3,47,0,48,3,90,45,43,204,0,0.0%,0,0,0,0,0
20160421,256,27,4,46,0,47,3,91,45,45,204,0,0.0%,0,0,0,0,0
20160422,256,25,2,46,2,41,3,89,45,55,204,0,0.0%,0,0,0,0,0
20160423,258,26,4,44,0,41,3,90,46,57,205,0,0.0%,0,0,0,0,0
20160424,258,24,4,44,0,37,3,93,47,60,204,0,0.0%,0,0,0,0,0
20160425,258,18,4,46,0,40,3,94,46,60,205,0,0.0%,0,0,0,0,0
20160426,258,16,4,43,0,41,3,95,46,63,205,0,0.0%,0,0,0,0,0
20160427,258,15,2,42,1,37,3,96,54,68,198,0,0.0%,0,0,0,0,0
20160428,259,12,3,39,0,40,3,96,55,72,198,0,0.0%,0,0,0,0,0
20160429,259,11,3,38,0,36,3,99,56,75,197,0,0.0%,0,0,0,0,0
20160430,261,13,5,35,0,36,3,101,56,76,197,0,0.0%,0,0,0,0,0
20160501,261,12,3,34,0,37,2,102,70,76,186,0,0.0%,0,0,0,0,0
20160502,261,12,1,29,0,41,1,102,76,77,183,0,0.0%,0,0,0,0,0
20160503,263,11,3,29,0,38,1,106,80,79,179,0,0.0%,0,0,0,0,0
20160504,264,10,3,27,1,35,1,107,80,85,179,0,0.0%,0,0,0,0,0
20160505,266,11,5,23,1,34,1,111,81,87,178,0,0.0%,0,0,0,0,0
20160506,266,10,5,21,1,26,1,118,81,91,178,0,0.0%,0,0,0,0,0
20160507,266,9,4,17,1,23,1,116,85,101,175,0,0.0%,0,0,0,0,0
20160508,266,9,4,14,1,25,1,115,80,103,180,0,0.0%,0,0,0,0,0
20160509,267,10,5,13,1,23,1,111,76,110,184,0,0.0%,0,0,0,0,0
20160510,267,10,2,12,1,19,2,111,75,115,187,0,0.0%,0,0,0,0,0
20160511,267,7,2,12,1,17,2,112,74,119,188,0,0.0%,0,0,0,0,0
20160512,267,5,2,6,1,22,2,113,75,121,187,0,0.0%,0,0,0,0,0
20160513,267,4,1,7,1,21,1,114,75,121,189,0,0.0%,0,0,0,0,0
20160514,267,3,1,7,1,19,1,116,77,122,187,0,0.0%,0,0,0,0,0
20160515,267,3,1,6,1,18,1,116,77,124,187,0,0.0%,0,0,0,0,0
20160516,267,3,1,6,1,14,1,118,86,126,178,0,0.0%,0,0,0,0,0
20160517,267,3,1,5,1,12,1,120,93,127,171,0,0.0%,0,0,0,0,0
20160518,267,3,1,4,1,10,1,120,94,130,170,0,0.0%,0,0,0,0,0
20160519,267,3,1,3,1,11,1,118,94,132,170,0,0.0%,0,0,0,0,0
20160520,267,3,1,3,1,10,1,119,94,132,170,0,0.0%,0,0,0,0,0
20160521,267,3,1,3,1,10,1,118,94,133,170,198,75.0%,34,0,0,0,0
20160522,267,3,1,3,1,10,1,118,94,133,170,198,75.0%,34,0,0,0,0
20160523,267,3,1,3,1,10,1,118,94,133,170,198,75.0%,34,0,0,0,0
20160524,267,3,1,3,1,10,1,118,94,133,170,198,75.0%,34,0,0,0,0
20160525,267,3,1,3,1,10,1,118,94,133,170,198,75.0%,34,0,0,0,0
20160526,267,3,1,3,1,9,1,119,94,133,170,198,75.0%,34,0,0,0,0
20160527,267,3,1,3,1,9,1,118,94,134,170,198,75.0%,34,0,0,0,0
20160528,267,3,2,3,3,8,1,119,93,134,168,198,75.0%,34,0,0,0,0
20160529,267,3,2,3,3,8,1,119,93,134,168,198,75.0%,34,0,0,0,0
20160530,267,3,2,3,3,8,1,119,94,134,167,198,75.0%,34,0,0,0,0
20160531,267,3,2,3,3,8,1,119,94,134,167,220,83.3%,38,0,0,2,0
20160601,268,4,3,3,3,8,1,119,94,134,167,220,83.3%,38,0,0,3,0
20160602,268,4,3,3,3,8,1,119,94,134,167,220,83.3%,38,0,0,6,0
20160603,268,4,3,3,3,8,1,119,94,134,167,222,84.1%,36,0,0,8,0
20160604,268,4,3,3,3,8,1,119,94,134,167,222,84.1%,36,0,0,9,0
20160605,268,4,3,3,3,8,1,119,94,134,167,222,84.1%,36,0,0,13,0
20160606,268,4,3,3,3,8,1,119,94,134,167,222,84.1%,36,0,0,14,0
20160607,268,4,3,3,3,8,1,119,94,134,167,222,84.1%,36,0,0,16,0
20160608,268,4,3,3,3,8,1,119,94,134,167,222,84.1%,36,0,0,17,0
20160609,268,4,3,3,3,8,1,119,94,134,167,222,84.1%,36,0,0,17,0
20160610,268,4,3,3,3,8,1,119,94,134,167,222,84.1%,36,0,0,17,0
20160611,268,4,3,3,3,8,1,119,94,134,167,222,84.1%,36,0,0,20,0
20160612,268,4,3,3,3,8,1,119,94,134,167,222,84.1%,36,0,0,21,0
20160613,268,4,3,3,3,8,1,119,94,134,167,222,84.1%,36,0,0,22,0
20160614,268,4,3,3,3,8,1,119,94,134,167,222,84.1%,36,0,0,22,0
20160615,268,4,3,3,3,8,1,119,94,134,167,222,84.1%,36,0,0,24,0
20160616,268,4,3,3,3,8,1,119,94,134,167,222,84.1%,36,0,0,25,0
20160617,268,4,3,3,3,8,1,119,94,134,167,222,84.1%,36,0,0,26,0
20160618,268,4,3,3,3,8,1,119,94,134,167,222,84.1%,36,0,0,28,0
20160619,268,4,3,3,3,8,1,119,94,134,167,222,84.1%,36,0,0,30,0
20160620,268,4,3,3,3,8,1,119,94,134,167,222,84.1%,36,0,0,32,0
20160621,268,4,3,3,3,8,1,119,94,134,167,222,84.1%,36,0,0,33,0
20160622,268,4,3,3,3,8,1,119,94,134,167,222,84.1%,36,0,0,34,0
20160623,268,4,3,3,3,8,1,119,94,134,167,222,84.1%,36,0,0,36,0
20160624,268,4,3,3,3,8,1,119,94,134,167,222,84.1%,36,0,0,38,0
20160625,268,4,3,3,3,8,1,119,94,134,167,222,84.1%,36,0,0,38,0
20160626,268,4,3,3,3,8,1,119,94,134,167,222,84.1%,36,0,0,39,0
20160627,268,4,3,3,3,8,1,119,94,134,167,222,84.1%,36,0,0,40,0
20160628,268,4,3,3,3,8,1,119,94,134,167,227,86.0%,31,0,0,42,0
20160629,268,4,3,3,3,8,1,119,94,134,167,227,86.0%,31,0,0,45,0
20160630,268,4,3,3,3,8,1,119,94,134,167,227,86.0%,31,0,0,51,0
20160701,268,4,3,3,3,8,1,119,94,134,167,227,86.0%,31,0,0,53,0
20160702,268,4,3,3,3,8,1,119,94,134,167,227,86.0%,31,0,0,56,0
20160703,268,4,3,3,3,8,1,119,94,134,167,227,86.0%,31,0,0,58,0
20160704,268,4,3,3,3,8,1,119,94,134,167,227,86.0%,31,0,0,60,0
20160705,268,4,3,3,3,8,1,119,94,134,167,227,86.0%,31,0,0,66,0
20160706,268,4,3,3,3,8,1,119,94,134,167,227,86.0%,31,0,0,68,0
20160707,268,4,3,3,3,8,1,119,94,134,167,227,86.0%,31,0,0,69,0
20160708,268,4,3,3,3,8,1,119,94,134,167,227,86.0%,31,0,0,73,0
20160709,268,4,3,3,3,8,1,119,94,134,167,227,86.0%,31,0,0,82,0
20160710,268,4,3,3,3,8,1,119,94,134,167,227,86.0%,31,0,0,83,0
20160711,268,4,3,3,3,8,1,119,94,134,167,227,86.0%,31,0,0,84,0
20160712,268,4,3,3,3,8,1,119,94,134,167,227,86.0%,31,0,0,88,0
20160713,268,4,3,3,3,8,1,119,94,134,167,227,86.0%,31,0,0,100,0
20160714,268,4,3,3,3,8,1,119,94,134,167,227,86.0%,31,0,0,119,0
20160715,268,4,3,3,3,8,1,119,94,134,167,227,86.0%,31,0,0,139,0
20160716,268,4,3,3,3,8,1,119,94,134,167,227,86.0%,31,0,0,178,0
20160717,268,4,3,3,3,8,1,119,94,134,167,227,86.0%,31,0,0,181,0
20160718,268,4,3,3,3,8,1,119,94,134,167,227,86.0%,31,0,0,182,0
20160719,268,4,3,3,3,8,1,119,94,134,167,227,86.0%,31,0,0,187,0
20160720,268,4,3,3,3,8,1,119,94,134,167,227,86.0%,31,0,0,188,0
20160721,268,4,3,3,3,8,1,119,94,134,167,227,86.0%,31,0,0,188,0
20160722,268,4,3,3,3,8,1,119,94,134,167,227,86.0%,31,0,0,189,0
20160723,268,4,3,3,3,8,1,119,94,134,167,227,86.0%,31,0,0,189,0
20160724,268,4,3,3,3,8,1,119,94,134,167,227,86.0%,31,0,0,189,0
20160725,268,4,3,3,3,8,1,119,94,134,167,227,86.0%,31,0,0,192,0
20160726,268,4,3,3,3,8,1,119,94,134,167,227,86.0%,31,0,0,195,0
20160727,268,4,3,3,3,8,1,119,94,134,167,227,86.0%,31,0,0,196,0
20160728,268,4,3,3,3,8,1,119,94,134,167,227,86.0%,31,0,0,196,0
20160729,268,4,3,3,3,8,1,119,94,134,167,227,86.0%,31,0,0,196,0
20160730,268,4,3,3,3,8,1,119,94,134,167,227,86.0%,31,0,0,196,0
20160731,268,4,3,3,3,8,1,119,94,134,167,227,86.0%,31,0,0,196,0
20160801,268,4,3,3,3,8,1,119,94,134,167,227,86.0%,31,0,0,196,0
20160802,268,4,3,3,3,8,1,119,94,134,167,227,86.0%,31,0,0,196,0
20160803,268,4,3,3,3,8,1,119,94,134,167,227,86.0%,31,0,0,196,0
20160804,268,4,3,3,3,8,1,119,94,134,167,227,86.0%,31,0,0,196,0
20160805,268,4,3,3,3,8,1,119,94,134,167,227,86.0%,31,0,0,196,0
20160806,268,4,3,3,3,8,1,119,94,134,167,227,86.0%,31,0,0,196,0
20160807,268,4,3,3,3,8,1,119,94,134,167,227,86.0%,31,0,0,196,0
20160808,268,4,3,3,3,8,1,119,94,134,167,227,86.0%,31,0,0,196,0
20160809,268,4,3,3,3,8,1,119,94,134,167,227,86.0%,31,0,0,196,0
20160810,268,4,3,3,3,8,1,119,94,134,167,227,86.0%,31,0,0,196,0
20160811,268,4,3,3,3,8,1,119,94,134,167,227,86.0%,31,0,0,196,0
20160812,268,4,3,3,3,8,1,119,94,134,167,227,86.0%,31,0,0,196,0
20160813,268,4,3,3,3,8,1,119,94,134,167,227,86.0%,31,0,0,196,0
20160814,268,4,3,3,3,8,1,119,94,134,167,227,86.0%,31,0,0,196,0
20160815,268,4,3,3,3,8,1,119,94,134,167,227,86.0%,31,0,0,196,0
20160816,268,4,3,3,3,8,1,119,94,134,167,227,86.0%,31,0,0,196,0
20160817,268,4,3,3,3,8,1,119,94,134,167,227,86.0%,31,0,0,196,0
20160818,268,4,3,3,3,8,1,119,94,134,167,227,86.0%,31,0,0,196,0
20160819,268,4,3,3,3,8,1,119,94,134,167,227,86.0%,31,0,0,196,0
20160820,268,4,3,3,3,8,1,119,94,134,167,227,86.0%,31,0,0,196,0
20160821,268,4,3,3,3,8,1,119,94,134,167,227,86.0%,31,0,0,196,0
20160822,268,4,3,3,3,8,1,119,94,134,167,227,86.0%,31,0,0,196,0
20160823,268,4,3,3,3,8,1,119,94,134,167,227,86.0%,31,0,0,196,0
20160824,268,4,3,3,3,8,1,119,94,134,167,227,86.0%,31,0,0,196,0
20160825,268,4,3,3,3,8,1,119,94,134,167,227,86.0%,31,0,0,196,0
20160826,268,4,3,3,3,8,1,119,94,134,167,227,86.0%,31,0,0,196,0
20160827,268,4,3,3,3,8,1,119,94,134,167,227,86.0%,31,0,0,196,0
20160828,268,4,3,3,3,8,1,119,94,134,167,227,86.0%,31,0,0,196,0
20160829,268,4,3,3,3,8,1,119,94,134,167,227,86.0%,31,0,0,196,0
20160830,268,4,3,3,3,8,1,119,94,134,167,227,86.0%,31,0,0,196,0
20160831,268,4,3,3,3,8,1,119,94,134,167,227,86.0%,31,0,0,196,0
20160901,268,4,3,3,3,8,1,119,94,134,167,227,86.0%,31,0,0,196,0
20160902,268,4,3,3,3,8,1,119,94,134,167,227,86.0%,31,0,0,196,0
20160903,268,4,3,3,3,8,1,119,94,134,167,227,86.0%,31,0,0,196,0
20160904,268,4,3,3,3,8,1,119,94,134,167,227,86.0%,31,0,0,196,0
20160905,268,4,3,3,3,8,1,119,94,134,167,227,86.0%,31,0,0,196,0
20160906,268,4,3,3,3,8,1,119,94,134,167,227,86.0%,31,0,0,196,0
20160907,268,4,3,3,3,8,1,119,94,134,167,227,86.0%,31,0,0,196,0
20160908,268,4,3,3,3,8,1,119,94,134,167,227,86.0%,31,0,0,196,0
20160909,268,4,3,3,3,8,1,119,94,134,167,227,86.0%,31,0,0,196,0
20160910,268,4,3,3,3,8,1,119,94,134,167,227,86.0%,31,0,0,196,0
20160911,268,4,3,3,3,8,1,119,94,134,167,227,86.0%,31,0,0,196,0
20160912,268,4,3,3,3,8,1,119,94,134,167,227,86.0%,31,0,0,196,0
20160913,268,4,3,3,3,8,1,119,94,134,167,227,86.0%,31,0,0,196,0
20160914,268,4,3,3,3,8,1,119,94,134,167,227,86.0%,31,0,0,196,0
20160915,268,4,3,3,3,8,1,119,94,134,167,227,86.0%,31,0,0,196,0
20160916,268,4,3,3,3,8,1,119,94,134,167,227,86.0%,31,0,0,196,0
20160917,268,4,3,3,3,8,1,119,94,134,167,227,86.0%,31,0,0,196,0
20160918,268,4,3,3,3,8,1,119,94,134,167,227,86.0%,31,0,0,196,0
20160919,268,4,3,3,3,8,1,119,94,134,167,227,86.0%,31,0,0,196,0
20160920,268,4,3,3,3,8,1,119,94,134,167,227,86.0%,31,0,0,196,0
20160921,268,4,3,3,3,8,1,119,94,134,167,227,86.0%,31,0,0,196,0
20160922,268,4,3,3,3,8,1,119,94,134,167,227,86.0%,31,0,0,196,0
20160923,268,4,3,3,3,8,1,119,94,134,167,227,86.0%,31,0,0,196,0
20160924,268,4,3,3,3,8,1,119,94,134,167,227,86.0%,31,0,0,196,0
20160925,268,4,3,3,3,8,1,119,94,134,167,227,86.0%,31,0,0,196,0
20160926,268,4,3,3,3,8,1,119,94,134,167,227,86.0%,31,0,0,196,0
20160927,268,4,3,3,3,8,1,119,94,134,167,227,86.0%,31,0,0,196,0
20160928,268,4,3,3,3,8,1,119,94,134,167,227,86.0%,31,0,0,196,0
20160929,268,4,3,3,3,8,1,119,94,134,167,227,86.0%,31,0,0,196,0
20160930,268,4,3,3,3,8,1,119,94,134,167,227,86.0%,31,0,0,196,0
20161001,268,4,3,3,3,8,1,119,94,134,167,227,86.0%,31,0,0,196,0
20161002,268,4,3,3,3,8,1,119,94,134,167,227,86.0%,31,0,0,196,0
20161003,268,4,3,3,3,8,1,119,94,134,167,227,86.0%,31,0,0,196,0
20161004,268,4,3,3,3,8,1,119,94,134,167,227,86.0%,31,0,0,196,0
20161005,268,4,3,3,3,8,1,119,94,134,167,227,86.0%,31,0,0,196,0
20161006,268,4,3,3,3,8,1,119,94,134,167,227,86.0%,31,0,0,196,0
20161007,268,4,3,3,3,8,1,119,94,134,167,227,86.0%,31,0,0,196,0
20161008,268,4,3,3,3,8,1,119,94,134,167,227,86.0%,31,0,0,196,0
20161009,268,4,3,3,3,8,1,119,94,134,167,227,86.0%,31,0,0,196,0
20161010,268,4,3,3,3,8,1,119,94,134,167,227,86.0%,31,0,0,196,0
20161011,268,4,3,3,3,8,1,119,94,134,167,227,86.0%,31,0,0,196,0
20161012,268,4,3,3,3,8,1,119,94,134,167,227,86.0%,31,0,0,196,0
20161013,268,4,3,3,3,8,1,119,94,134,167,227,86.0%,31,0,0,196,0
20161014,268,4,3,3,3,8,1,119,94,134,167,227,86.0%,31,0,0,196,0
20161015,268,4,3,3,3,8,1,119,94,134,167,227,86.0%,31,0,0,196,0
20161016,268,4,3,3,3,8,1,119,94,134,167,227,86.0%,31,0,0,196,0
20161017,268,4,3,3,3,8,1,119,94,134,167,227,86.0%,31,0,0,196,0
20161018,268,4,3,3,3,8,1,119,94,134,167,227,86.0%,31,0,0,196,0
20161019,268,4,3,3,3,8,1,119,94,134,167,227,86.0%,31,0,0,196,0
20161020,268,4,3,3,3,8,1,119,94,134,167,227,86.0%,31,0,0,196,0
20161021,268,4,3,3,3,8,1,119,94,134,167,227,86.0%,31,0,0,196,0
20161022,268,4,3,3,3,8,1,119,94,134,167,227,86.0%,31,0,0,196,0
20161023,268,4,3,3,3,8,1,119,94,134,167,227,86.0%,31,0,0,196,0
20161024,268,4,3,3,3,8,1,119,94,134,167,227,86.0%,31,0,0,196,0
20161025,268,4,3,3,3,8,1,119,94,134,167,227,86.0%,31,0,0,196,0
20161026,268,4,3,3,3,8,1,119,94,134,167,227,86.0%,31,0,0,196,0
20161027,268,4,3,3,3,8,1,119,94,134,167,227,86.0%,31,0,0,196,0
20161028,268,4,3,3,3,8,1,119,94,134,167,227,86.0%,31,0,0,196,0
20161029,268,4,3,3,3,8,1,119,94,134,167,227,86.0%,31,0,0,196,0
20161030,268,4,3,3,3,8,1,119,94,134,167,227,86.0%,31,0,0,196,0
20161031,268,4,3,3,3,8,1,119,94,134,167,227,86.0%,31,0,0,196,0
20161101,268,4,3,3,3,8,1,119,94,134,167,227,86.0%,31,0,0,196,0
20161102,268,4,3,3,3,8,1,119,94,134,167,227,86.0%,31,0,0,196,0
20161103,268,4,3,3,3,8,1,119,94,134,167,227,86.0%,31,0,0,196,0
20161104,268,4,3,3,3,8,1,119,94,134,167,227,86.0%,31,0,0,196,0
20161105,268,4,3,3,3,8,1,119,94,134,167,227,86.0%,31,0,0,196,0
20161106,268,4,3,3,3,8,1,119,94,134,167,227,86.0%,31,0,0,196,0
20161107,268,4,3,3,3,8,1,119,94,134,167,227,86.0%,31,0,0,196,0
20161108,268,4,3,3,3,8,1,119,94,134,167,227,86.0%,31,0,0,196,0
20161109,268,4,3,3,3,8,1,119,94,134,167,227,86.0%,31,0,0,196,0
20161110,268,4,3,3,3,8,1,119,94,134,167,227,86.0%,31,0,0,196,0
20161111,268,4,3,3,3,8,1,119,94,134,167,227,86.0%,31,0,0,196,0
20161112,268,4,3,3,3,8,1,119,94,134,167,227,86.0%,31,0,0,196,0
20161113,268,4,3,3,3,8,1,119,94,134,167,227,86.0%,31,0,0,196,0
20161114,268,4,3,3,3,8,1,119,94,134,167,227,86.0%,31,0,0,196,0
20161115,268,4,3,3,3,8,1,119,94,134,167,227,86.0%,31,0,0,196,0
20161116,268,4,3,3,3,8,1,119,94,134,167,227,86.0%,31,0,0,196,0
20161117,268,4,3,3,3,8,1,119,94,134,167,227,86.0%,31,0,0,196,0
20161118,268,4,3,3,3,8,1,119,94,134,167,227,86.0%,31,0,0,196,0
20161119,268,4,3,3,3,8,1,119,94,134,167,227,86.0%,31,0,0,196,0
20161120,268,4,3,3,3,8,1,119,94,134,167,227,86.0%,31,0,0,196,0
20161121,268,4,3,3,3,8,1,119,94,134,167,227,86.0%,31,0,0,196,0
20161122,268,4,3,3,3,8,1,119,94,134,167,227,86.0%,31,0,0,196,0
20161123,268,4,3,3,3,8,1,119,94,134,167,227,86.0%,31,0,0,196,0
20161124,268,4,3,3,3,8,1,119,94,134,167,227,86.0%,31,0,0,196,0
20161125,268,4,3,3,3,8,1,119,94,134,167,227,86.0%,31,0,0,196,0
20161126,268,4,3,3,3,8,1,119,94,134,167,227,86.0%,31,0,0,196,0
20161127,268,4,3,3,3,8,1,119,94,134,167,227,86.0%,31,0,0,196,0
20161128,268,4,3,3,3,8,1,119,94,134,167,227,86.0%,31,0,0,196,0
20161129,268,4,3,3,3,8,1,119,94,134,167,227,86.0%,31,0,0,196,0
20161130,268,4,3,3,3,8,1,119,94,134,167,227,86.0%,31,0,0,196,0
20161201,268,4,3,3,3,8,1,119,94,134,167,227,86.0%,31,0,0,196,0
20161202,268,4,3,3,3,8,1,119,94,134,167,227,86.0%,31,0,0,196,0
20161203,268,4,3,3,3,8,1,119,94,134,167,227,86.0%,31,0,0,196,0
20161204,268,4,3,3,3,8,1,119,94,134,167,227,86.0%,31,0,0,196,0
20161205,268,4,3,3,3,8,1,119,94,134,167,227,86.0%,31,0,0,196,0
20161206,268,4,3,3,3,8,1,119,94,134,167,227,86.0%,31,0,0,196,0
20161207,268,4,3,3,3,8,1,119,94,134,167,227,86.0%,31,0,0,196,0
20161208,268,4,3,3,3,8,1,119,94,134,167,227,86.0%,31,0,0,196,0
20161209,268,4,3,3,3,8,1,119,94,134,167,227,86.0%,31,0,0,196,0
20161210,268,4,3,3,3,8,1,119,94,134,167,227,86.0%,31,0,0,196,0
20161211,268,4,3,3,3,8,1,119,94,134,167,227,86.0%,31,0,0,196,0
20161212,268,4,3,3,3,8,1,119,94,134,167,227,86.0%,31,0,0,196,0
20161213,268,4,3,3,3,8,1,119,94,134,167,227,86.0%,31,0,0,196,0
20161214,268,4,3,3,3,8,1,119,94,134,167,227,86.0%,31,0,0,196,0
20161215,268,4,3,3,3,8,1,119,94,134,167,227,86.0%,31,0,0,196,0
20161216,268,4,3,3,3,8,1,119,94,134,167,227,86.0%,31,0,0,196,0
20161217,268,4,3,3,3,8,1,119,94,134,167,227,86.0%,31,0,0,196,0
20161218,268,4,3,3,3,8,1,119,94,134,167,227,86.0%,31,0,0,196,0
20161219,268,4,3,3,3,8,1,119,94,134,167,227,86.0%,31,0,0,196,0
20161220,268,4,3,3,3,8,1,119,94,134,167,227,86.0%,31,0,0,196,0
20161221,268,4,3,3,3,8,1,119,94,134,167,227,86.0%,31,0,0,196,0
20161222,268,4,3,3,3,8,1,119,94,134,167,227,86.0%,31,0,0,196,0
20161223,268,4,3,3,3,8,1,119,94,134,167,227,86.0%,31,0,0,196,0
20161224,268,4,3,3,3,8,1,119,94,134,167,227,86.0%,31,0,0,196,0
20161225,268,4,3,3,3,8,1,119,94,134,167,227,86.0%,31,0,0,196,0
20161226,268,4,3,3,3,8,1,119,94,134,167,227,86.0%,31,0,0,196,0
20161227,268,4,3,3,3,8,1,119,94,134,167,227,86.0%,31,0,0,196,0
20161228,268,4,3,3,3,8,1,119,94,134,167,227,86.0%,31,0,0,196,0
20161229,268,4,3,3,3,8,1,119,94,134,167,227,86.0%,31,0,0,196,0
20161230,268,4,3,3,3,8,1,119,94,134,167,227,86.0%,31,0,0,196,0
20161231,268,4,3,3,3,8,1,119,94,134,167,227,86.0%,31,0,0,196,0
20170101,268,4,3,3,3,8,1,119,94,134,167,227,86.0%,31,0,0,196,0
20170102,268,4,3,3,3,8,1,119,94,134,167,227,86.0%,31,0,0,196,0
20170103,268,4,3,3,3,8,1,119,94,134,167,227,86.0%,31,0,0,196,0
20170104,268,4,3,3,3,8,1,119,94,134,167,227,86.0%,31,0,0,196,0
20170105,268,4,3,3,3,8,1,119,94,134,167,227,86.0%,31,0,0,196,0
20170106,268,4,3,3,3,8,1,119,94,134,167,227,86.0%,31,0,0,196,0
20170107,268,4,3,3,3,8,1,119,94,134,167,227,86.0%,31,0,0,196,0
20170108,268,4,3,3,3,8,1,119,94,134,167,227,86.0%,31,0,0,196,0
20170109,268,4,3,3,3,8,1,119,94,134,167,227,86.0%,31,0,0,196,0
20170110,268,4,3,3,3,8,1,119,94,134,167,227,86.0%,31,0,0,196,0
20170111,268,4,3,3,3,8,1,119,94,134,167,227,86.0%,31,0,0,196,0
20170112,268,4,3,3,3,8,1,119,94,134,167,227,86.0%,31,0,0,196,0
20170113,268,4,3,3,3,8,1,119,94,134,167,227,86.0%,31,0,0,196,0
20170114,268,4,3,3,3,8,1,119,94,134,167,227,86.0%,31,0,0,196,0
20170115,268,4,3,3,3,8,1,119,94,134,167,227,86.0%,31,0,0,196,0
20170116,268,4,3,3,3,8,1,119,94,134,167,227,86.0%,31,0,0,196,0
20170117,268,4,3,3,3,8,1,119,94,134,167,227,86.0%,31,0,0,196,0
20170118,268,4,3,3,3,8,1,119,94,134,167,227,86.0%,31,0,0,196,0
20170119,268,4,3,3,3,8,1,119,94,134,167,227,86.0%,31,0,0,196,0
20170120,268,4,3,3,3,8,1,119,94,134,167,227,86.0%,31,0,0,196,0
20170121,268,4,3,3,3,8,1,119,94,134,167,227,86.0%,31,0,0,196,0
20170122,268,4,3,3,3,8,1,119,94,134,167,227,86.0%,31,0,0,196,0
20170123,268,4,3,3,3,8,1,119,94,134,167,227,86.0%,31,0,0,196,0
20170124,268,4,3,3,3,8,1,119,94,134,167,227,86.0%,31,0,0,196,0
20170125,268,4,3,3,3,8,1,119,94,134,167,227,86.0%,31,0,0,196,0
20170126,268,4,3,3,3,8,1,119,94,134,167,227,86.0%,31,0,0,196,0
20170127,268,4,3,3,3,8,1,119,94,134,167,227,86.0%,31,0,0,196,0
20170128,268,4,3,3,3,8,1,119,94,134,167,227,86.0%,31,0,0,196,0
20170129,268,4,3,3,3,8,1,119,94,134,167,227,86.0%,31,0,0,196,0
20170130,268,4,3,3,3,8,1,119,94,134,167,227,86.0%,31,0,0,196,0
20170131,268,4,3,3,3,8,1,119,94,134,167,227,86.0%,31,0,0,196,0
20170201,268,4,3,3,3,8,1,119,94,134,167,227,86.0%,31,0,0,196,0
20170202,268,4,3,3,3,8,1,119,94,134,167,227,86.0%,31,0,0,196,0
20170203,268,4,3,3,3,8,1,119,94,134,167,227,86.0%,31,0,0,196,0
20170204,268,4,3,3,3,8,1,119,94,134,167,227,86.0%,31,0,0,196,0
20170205,268,4,3,3,3,8,1,119,94,134,167,227,86.0%,31,0,0,196,0
20170206,268,4,3,3,3,8,1,119,94,134,167,227,86.0%,31,0,0,196,0
20170207,268,4,3,3,3,8,1,119,94,134,167,227,86.0%,31,0,0,196,0
20170208,268,4,3,3,3,8,1,119,94,134,167,227,86.0%,31,0,0,196,0
20170209,268,4,3,3,3,8,1,119,94,134,167,227,86.0%,31,0,0,196,0
20170210,268,4,3,3,3,8,1,119,94,134,167,227,86.0%,31,0,0,196,0
20170211,268,4,3,3,3,8,1,119,94,134,167,227,86.0%,31,0,0,196,0
20170212,268,4,3,3,3,8,1,119,94,134,167,227,86.0%,31,0,0,196,0
20170214,268,4,3,3,3,8,1,119,94,134,167,227,86.0%,31,0,0,196,0
20170215,268,4,3,3,3,8,1,119,94,134,167,227,86.0%,31,0,0,196,0
20170216,268,4,3,3,3,8,1,119,94,134,167,227,86.0%,31,0,0,196,0
20170217,268,4,3,3,3,8,1,119,94,134,167,227,86.0%,31,0,0,196,0
20170218,268,4,3,3,3,8,1,119,94,134,167,227,86.0%,31,0,0,196,0
20170219,268,4,3,3,3,8,1,119,94,134,167,227,86.0%,31,0,0,196,0
20170220,268,4,3,3,3,8,1,119,94,134,167,227,86.0%,31,0,0,196,0
20170221,268,4,3,3,3,8,1,119,94,134,167,227,86.0%,31,0,0,196,0
20170222,268,4,3,3,3,8,1,119,94,134,167,227,86.0%,31,0,0,196,0
20170223,268,4,3,3,3,8,1,119,94,134,167,227,86.0%,31,0,0,196,0
20170224,268,4,3,3,3,8,1,119,94,134,167,227,86.0%,31,0,0,196,0
20170225,268,4,3,3,3,8,1,119,94,134,167,227,86.0%,31,0,0,196,0
20170226,268,4,3,3,3,8,1,119,94,134,167,227,86.0%,31,0,0,196,0
20170227,268,4,3,3,3,8,1,119,94,134,167,227,86.0%,31,0,0,196,0
20170228,268,4,3,3,3,8,1,119,94,134,167,227,86.0%,31,0,0,196,0
20170301,268,4,3,3,3,8,1,119,94,134,167,227,86.0%,31,0,0,196,0
20170302,268,4,3,3,3,8,1,119,94,134,167,227,86.0%,31,0,0,196,0
20170303,268,4,3,3,3,8,1,119,94,134,167,227,86.0%,31,0,0,196,0
20170304,268,4,3,3,3,8,1,119,94,134,167,227,86.0%,31,0,0,196,0
20170305,268,4,3,3,3,8,1,119,94,134,167,227,86.0%,31,0,0,196,0
20170306,268,4,3,3,3,8,1,119,94,134,167,227,86.0%,31,0,0,196,0
20170307,268,4,3,3,3,8,1,119,94,134,167,227,86.0%,31,0,0,196,0
20170308,268,4,3,3,3,8,1,119,94,134,167,227,86.0%,31,0,0,196,0
20170309,268,4,3,3,3,8,1,119,94,134,167,227,86.0%,31,0,0,196,0
20170310,268,4,3,3,3,8,1,119,94,134,167,227,86.0%,31,0,0,196,0
20170311,268,4,3,3,3,8,1,119,94,134,167,227,86.0%,31,0,0,196,0
20170312,268,4,3,3,3,8,1,119,94,134,167,227,86.0%,31,0,0,196,0
20170313,268,4,3,3,3,8,1,119,94,134,167,227,86.0%,31,0,0,196,0
20170314,268,4,3,3,3,8,1,119,94,134,167,227,86.0%,31,0,0,196,0
20170315,268,4,3,3,3,8,1,119,94,134,167,227,86.0%,31,0,0,196,0
20170316,268,4,3,3,3,8,1,119,94,134,167,227,86.0%,31,0,0,196,0
20170317,268,4,3,3,3,8,1,119,94,134,167,227,86.0%,31,0,0,196,0
20170318,268,4,3,3,3,8,1,119,94,134,167,227,86.0%,31,0,0,196,0
20170319,268,4,3,3,3,8,1,119,94,134,167,227,86.0%,31,0,0,196,0
20170320,268,4,3,3,3,8,1,119,94,134,167,227,86.0%,31,0,0,196,0
20170321,268,4,3,3,3,8,1,119,94,134,167,227,86.0%,31,0,0,196,0
20170322,268,4,3,3,3,8,1,119,94,134,167,227,86.0%,31,0,0,196,0
20170323,268,4,3,3,3,8,1,119,94,134,167,227,86.0%,31,0,0,196,0
20170324,268,4,3,3,3,8,1,119,94,134,167,227,86.0%,31,0,0,196,0
20170325,268,4,3,3,3,8,1,119,94,134,167,227,86.0%,31,0,0,196,0
20170326,268,4,3,3,3,8,1,119,94,134,167,227,86.0%,31,0,0,196,0
20170327,268,4,3,3,3,8,1,119,94,134,167,227,86.0%,31,0,0,196,0
20170328,268,4,3,3,3,8,1,119,94,134,167,227,86.0%,31,0,0,196,0
20170329,268,4,3,3,3,8,1,119,94,134,167,227,86.0%,31,0,0,196,0
20170330,268,4,3,3,3,8,1,119,94,134,167,227,86.0%,31,0,0,196,0
20170331,268,4,3,3,3,8,1,119,94,134,167,227,86.0%,31,0,0,196,0
20170401,268,4,3,3,3,8,1,119,94,134,167,227,86.0%,31,0,0,196,0
20170402,268,4,3,3,3,8,1,119,94,134,167,227,86.0%,31,0,0,196,0
20170403,268,4,3,3,3,8,1,119,94,134,167,227,86.0%,31,0,0,196,0
20170404,268,4,3,3,3,8,1,119,94,134,167,227,86.0%,31,0,0,196,0
20170405,268,4,3,3,3,8,1,119,94,134,167,227,86.0%,31,0,0,196,0
20170406,268,4,3,3,3,8,1,119,94,134,167,227,86.0%,31,0,0,196,0
20170407,268,4,3,3,3,8,1,119,94,134,167,227,86.0%,31,0,0,196,0
20170408,268,4,3,3,3,8,1,119,94,134,167,227,86.0%,31,0,0,196,0
20170409,268,4,3,3,3,8,1,119,94,134,167,227,86.0%,31,0,0,196,0
20170410,268,4,3,3,3,8,1,119,94,134,167,227,86.0%,31,0,0,196,0
20170411,268,4,3,3,3,8,1,119,94,134,167,227,86.0%,31,0,0,196,0
20170412,268,4,3,3,3,8,1,119,94,134,167,227,86.0%,31,0,0,196,0
20170413,268,4,3,3,3,8,1,119,94,134,167,227,86.0%,31,0,0,196,0
20170414,268,4,3,3,3,8,1,119,94,134,167,227,86.0%,31,0,0,196,0
20170415,268,4,3,3,3,8,1,119,94,134,167,227,86.0%,31,0,0,196,0
20170416,268,4,3,3,3,8,1,119,94,134,167,227,86.0%,31,0,0,196,0
20170417,268,4,3,3,3,8,1,119,94,134,167,227,86.0%,31,0,0,196,0
20170418,268,4,3,3,3,8,1,119,94,134,167,227,86.0%,31,0,0,196,0
20170419,268,4,3,3,3,8,1,119,94,134,167,227,86.0%,31,0,0,196,0
20170420,268,4,3,3,3,8,1,119,94,134,167,227,86.0%,31,0,0,196,0
20170421,268,4,3,3,3,8,1,119,94,134,167,227,86.0%,31,0,0,196,0
20170422,268,4,3,3,3,8,1,119,94,134,167,227,86.0%,31,0,0,196,0
20170423,268,4,3,3,3,8,1,119,94,134,167,227,86.0%,31,0,0,196,0
20170424,268,4,3,3,3,8,1,119,94,134,167,227,86.0%,31,0,0,196,0
20170425,268,4,3,3,3,8,1,119,94,134,167,227,86.0%,31,0,0,196,0
20170426,268,4,3,3,3,8,1,119,94,134,167,227,86.0%,31,0,0,196,0
20170427,268,4,3,3,3,8,1,119,94,134,167,227,86.0%,31,0,0,196,0
20170428,268,4,3,3,3,8,1,119,94,134,167,227,86.0%,31,0,0,196,0
20170429,268,4,3,3,3,8,1,119,94,134,167,227,86.0%,31,0,0,196,0
20170430,268,4,3,3,3,8,1,119,94,134,167,227,86.0%,31,0,0,196,0
20170501,268,4,3,3,3,8,1,119,94,134,167,227,86.0%,31,0,0,196,0
20170502,268,4,3,3,3,8,1,119,94,134,167,227,86.0%,31,0,0,196,0
20170503,268,4,3,3,3,8,1,119,94,134,167,227,86.0%,31,0,0,196,0
20170504,268,4,3,3,3,8,1,119,94,134,167,227,86.0%,31,0,0,196,0
20170505,268,4,3,3,3,8,1,119,94,134,167,227,86.0%,31,0,0,196,0
20170506,268,4,3,3,3,8,1,119,94,134,167,227,86.0%,31,0,0,196,0
20170507,268,4,3,3,3,8,1,119,94,134,167,227,86.0%,31,0,0,196,0
20170508,268,4,3,3,3,8,1,119,94,134,167,227,86.0%,31,0,0,196,0
20170509,268,4,3,3,3,8,1,119,94,134,167,227,86.0%,31,0,0,196,0
20170510,268,4,3,3,3,8,1,119,94,134,167,227,86.0%,31,0,0,196,0
20170511,268,4,3,3,3,8,1,119,94,134,167,227,86.0%,31,0,0,196,0
20170512,268,4,3,3,3,8,1,119,94,134,167,227,86.0%,31,0,0,196,0
20170513,268,4,3,3,3,8,1,119,94,134,167,227,86.0%,31,0,0,196,0
20170514,268,4,3,3,3,8,1,119,94,134,167,227,86.0%,31,0,0,196,0
20170515,268,4,3,3,3,8,1,119,94,134,167,227,86.0%,31,0,0,196,0
20170516,268,4,3,3,3,8,1,119,94,134,167,227,86.0%,31,0,0,196,0
20170517,268,4,3,3,3,8,1,119,94,134,167,227,86.0%,31,0,0,196,0
20170518,268,4,3,3,3,8,1,119,94,134,167,227,86.0%,31,0,0,196,0
20170519,268,4,3,3,3,8,1,119,94,134,167,227,86.0%,31,0,0,196,0
20170520,268,4,3,3,3,8,1,119,94,134,167,227,86.0%,31,0,0,196,0
20170521,268,4,3,3,3,8,1,119,94,134,167,227,86.0%,31,0,0,196,0
20170522,268,4,3,3,3,8,1,119,94,134,167,227,86.0%,31,0,0,196,0
20170523,268,4,3,3,3,8,1,119,94,134,167,227,86.0%,31,0,0,196,0
20170524,268,4,3,3,3,8,1,119,94,134,167,227,86.0%,31,0,0,196,0
20170525,268,4,3,3,3,8,1,119,94,134,167,227,86.0%,31,0,0,196,0
20170526,268,4,3,3,3,8,1,119,94,134,167,227,86.0%,31,0,0,196,0
20170527,268,4,3,3,3,8,1,119,94,134,167,227,86.0%,31,0,0,196,0
20170528,268,4,3,3,3,8,1,119,94,134,167,227,86.0%,31,0,0,196,0
20170529,268,4,3,3,3,8,1,119,94,134,167,227,86.0%,31,0,0,196,0
20170530,268,4,3,3,3,8,1,119,94,134,167,227,86.0%,31,0,0,196,0
20170531,268,4,3,3,3,8,1,119,94,134,167,227,86.0%,31,0,0,196,0
20170601,268,4,3,3,3,8,1,119,94,134,167,227,86.0%,31,0,0,196,0
20170602,268,4,3,3,3,8,1,119,94,134,167,227,86.0%,31,0,0,196,0
20170603,268,4,3,3,3,8,1,119,94,134,167,227,86.0%,31,0,0,196,0
20170604,268,4,3,3,3,8,1,119,94,134,167,227,86.0%,31,0,0,196,0
20170605,268,4,3,3,3,8,1,119,94,134,167,227,86.0%,31,0,0,196,0
20170606,268,4,3,3,3,8,1,119,94,134,167,227,86.0%,31,0,0,196,0
20170607,268,4,3,3,3,8,1,119,94,134,167,227,86.0%,31,0,0,196,0
20170608,268,4,3,3,3,8,1,119,94,134,167,227,86.0%,31,0,0,196,0
20170609,268,4,3,3,3,8,1,119,94,134,167,227,86.0%,31,0,0,196,0
20170610,268,4,3,3,3,8,1,119,94,134,167,227,86.0%,31,0,0,196,0
20170611,268,4,3,3,3,8,1,119,94,134,167,227,86.0%,31,0,0,196,0
20170612,268,4,3,3,3,8,1,119,94,134,167,227,86.0%,31,0,0,196,0
20170613,268,4,3,3,3,8,1,119,94,134,167,227,86.0%,31,0,0,196,0
20170614,268,4,3,3,3,8,1,119,94,134,167,227,86.0%,31,0,0,196,0
20170615,268,4,3,3,3,8,1,119,94,134,167,227,86.0%,31,0,0,196,0
20170616,268,4,3,3,3,8,1,119,94,134,167,227,86.0%,31,0,0,196,0
20170617,268,4,3,3,3,8,1,119,94,134,167,227,86.0%,31,0,0,196,0
20170618,268,4,3,3,3,8,1,119,94,134,167,227,86.0%,31,0,0,196,0
20170619,268,4,3,3,3,8,1,119,94,134,167,227,86.0%,31,0,0,196,0
20170620,268,4,3,3,3,8,1,119,94,134,167,227,86.0%,31,0,0,196,0
20170621,268,4,3,3,3,8,1,119,94,134,167,227,86.0%,31,0,0,196,0
20170622,268,4,3,3,3,8,1,119,94,134,167,227,86.0%,31,0,0,196,0
20170623,268,4,3,3,3,8,1,119,94,134,167,227,86.0%,31,0,0,196,0
20170624,268,4,3,3,3,8,1,119,94,134,167,227,86.0%,31,0,0,196,0
20170625,268,4,3,3,3,8,1,119,94,134,167,227,86.0%,31,0,0,196,0
20170626,268,4,3,3,3,8,1,119,94,134,167,227,86.0%,31,0,0,196,0
20170627,268,4,3,3,3,8,1,119,94,134,167,227,86.0%,31,0,0,196,0
20170628,268,4,3,3,3,8,1,119,94,134,167,227,86.0%,31,0,0,196,0
20170629,268,4,3,3,3,8,1,119,94,134,167,227,86.0%,31,0,0,196,0
20170630,268,4,3,3,3,8,1,119,94,134,167,227,86.0%,31,0,0,196,0
20170701,268,4,3,3,3,8,1,119,94,134,167,227,86.0%,31,0,0,196,0
20170702,268,4,3,3,3,8,1,119,94,134,167,227,86.0%,31,0,0,196,0
20170703,268,4,3,3,3,8,1,119,94,134,167,227,86.0%,31,0,0,196,0
20170704,268,4,3,3,3,8,1,119,94,134,167,227,86.0%,31,0,0,196,0
20170705,268,4,3,3,3,8,1,119,94,134,167,227,86.0%,31,0,0,196,0
20170706,268,4,3,3,3,8,1,119,94,134,167,227,86.0%,31,0,0,196,0
20170707,268,4,3,3,3,8,1,119,94,134,167,227,86.0%,31,0,0,196,0
20170708,268,4,3,3,3,8,1,119,94,134,167,227,86.0%,31,0,0,196,0
20170709,268,4,3,3,3,8,1,119,94,134,167,227,86.0%,31,0,0,196,0
20170710,268,4,3,3,3,8,1,119,94,134,167,227,86.0%,31,0,0,196,0
20170711,268,4,3,3,3,8,1,119,94,134,167,227,86.0%,31,0,0,196,0
20170712,268,4,3,3,3,8,1,119,94,134,167,227,86.0%,31,0,0,196,0
20170713,268,4,3,3,3,8,1,119,94,134,167,227,86.0%,31,0,0,196,0
20170714,268,4,3,3,3,8,1,119,94,134,167,227,86.0%,31,0,0,196,0
20170715,268,4,3,3,3,8,1,119,94,134,167,227,86.0%,31,0,0,196,0
20170716,268,4,3,3,3,8,1,119,94,134,167,227,86.0%,31,0,0,196,0
20170717,268,4,3,3,3,8,1,119,94,134,167,227,86.0%,31,0,0,196,0
20170718,268,4,3,3,3,8,1,119,94,134,167,227,86.0%,31,0,0,196,0
20170719,268,4,3,3,3,8,1,119,94,134,167,227,86.0%,31,0,0,196,0
20170720,268,4,3,3,3,8,1,119,94,134,167,227,86.0%,31,0,0,196,0
20170721,268,4,3,3,3,8,1,119,94,134,167,227,86.0%,31,0,0,196,0
20170722,268,4,3,3,3,8,1,119,94,134,167,227,86.0%,31,0,0,196,0
20170723,268,4,3,3,3,8,1,119,94,134,167,227,86.0%,31,0,0,196,0
20170724,268,4,3,3,3,8,1,119,94,134,167,227,86.0%,31,0,0,196,0
20170725,268,4,3,3,3,8,1,119,94,134,167,227,86.0%,31,0,0,196,0
20170726,268,4,3,3,3,8,1,119,94,134,167,227,86.0%,31,0,0,196,0
20170727,268,4,3,3,3,8,1,119,94,134,167,227,86.0%,31,0,0,196,0
20170728,268,4,3,3,3,8,1,119,94,134,167,227,86.0%,31,0,0,196,0
20170729,268,4,3,3,3,8,1,119,94,134,167,227,86.0%,31,0,0,196,0
20170730,268,4,3,3,3,8,1,119,94,134,167,227,86.0%,31,0,0,196,0
20170731,268,4,3,3,3,8,1,119,94,134,167,227,86.0%,31,0,0,196,0
20170801,268,4,3,3,3,8,1,119,94,134,167,227,86.0%,31,0,0,196,0
20170802,268,4,3,3,3,8,1,119,94,134,167,227,86.0%,31,0,0,196,0
20170803,268,4,3,3,3,8,1,119,94,134,167,227,86.0%,31,0,0,196,0
20170804,268,4,3,3,3,8,1,119,94,134,167,227,86.0%,31,0,0,196,0
20170805,268,4,3,3,3,8,1,119,94,134,167,227,86.0%,31,0,0,196,0
20170806,268,4,3,3,3,8,1,119,94,134,167,227,86.0%,31,0,0,196,0
20170807,268,4,3,3,3,8,1,119,94,134,167,227,86.0%,31,0,0,196,0
20170808,268,4,3,3,3,8,1,119,94,134,167,227,86.0%,31,0,0,196,0
20170809,268,4,3,3,3,8,1,119,94,134,167,227,86.0%,31,0,0,196,0
20170810,268,4,3,3,3,8,1,119,94,134,167,227,86.0%,31,0,0,196,0
20170811,268,4,3,3,3,8,1,119,94,134,167,227,86.0%,31,0,0,196,0
20170812,268,4,3,3,3,8,1,119,94,134,167,227,86.0%,31,0,0,196,0
20170813,268,4,3,3,3,8,1,119,94,134,167,227,86.0%,31,0,0,196,0
20170814,268,4,3,3,3,8,1,119,94,134,167,227,86.0%,31,0,0,196,0
20170815,268,4,3,3,3,8,1,119,94,134,167,227,86.0%,31,0,0,196,0
20170816,268,4,3,3,3,8,1,119,94,134,167,227,86.0%,31,0,0,196,0
20170817,268,4,3,3,3,8,1,119,94,134,167,227,86.0%,31,0,0,196,0
20170818,268,4,3,3,3,8,1,119,94,134,167,227,86.0%,31,0,0,196,0
20170819,268,4,3,3,3,8,1,119,94,134,167,227,86.0%,31,0,0,196,0
20170820,268,4,3,3,3,8,1,119,94,134,167,227,86.0%,31,0,0,196,0
20170821,268,4,3,3,3,8,1,119,94,134,167,227,86.0%,31,0,0,196,0
20170822,268,4,3,3,3,8,1,119,94,134,167,227,86.0%,31,0,0,196,0
20170823,268,4,3,3,3,8,1,119,94,134,167,227,86.0%,31,0,0,196,0
20170824,268,4,3,3,3,8,1,119,94,134,167,227,86.0%,31,0,0,196,0
20170825,268,4,3,3,3,8,1,119,94,134,167,227,86.0%,31,0,0,196,0
20170826,268,4,3,3,3,8,1,119,94,134,167,227,86.0%,31,0,0,196,0
20170827,268,4,3,3,3,8,1,119,94,134,167,227,86.0%,31,0,0,196,0
20170828,268,4,3,3,3,8,1,119,94,134,167,227,86.0%,31,0,0,196,0
20170829,268,4,3,3,3,8,1,119,94,134,167,227,86.0%,31,0,0,196,0
20170830,268,4,3,3,3,8,1,119,94,134,167,227,86.0%,31,0,0,196,0
20170831,268,4,3,3,3,8,1,119,94,134,167,227,86.0%,31,0,0,196,0
20170901,268,4,3,3,3,8,1,119,94,134,167,227,86.0%,31,0,0,196,0
20170902,268,4,3,3,3,8,1,119,94,134,167,227,86.0%,31,0,0,196,0
20170903,268,4,3,3,3,8,1,119,94,134,167,227,86.0%,31,0,0,196,0
20170904,268,4,3,3,3,8,1,119,94,134,167,227,86.0%,31,0,0,196,0
20170905,268,4,3,3,3,8,1,119,94,134,167,227,86.0%,31,0,0,196,0
20170906,268,4,3,3,3,8,1,119,94,134,167,227,86.0%,31,0,0,196,0
20170907,268,4,3,3,3,8,1,119,94,134,167,227,86.0%,31,0,0,196,0
20170908,268,4,3,3,3,8,1,119,94,134,167,227,86.0%,31,0,0,196,0
20170909,268,4,3,3,3,8,1,119,94,134,167,227,86.0%,31,0,0,196,0
20170910,268,4,3,3,3,8,1,119,94,134,167,227,86.0%,31,0,0,196,0
20170911,268,4,3,3,3,8,1,119,94,134,167,227,86.0%,31,0,0,196,0
20170912,268,4,3,3,3,8,1,119,94,134,167,227,86.0%,31,0,0,196,0
20170913,268,4,3,3,3,8,1,119,94,134,167,227,86.0%,31,0,0,196,0
20170914,268,4,3,3,3,8,1,119,94,134,167,227,86.0%,31,0,0,196,0
20170915,268,4,3,3,3,8,1,119,94,134,167,227,86.0%,31,0,0,196,0
20170916,268,4,3,3,3,8,1,119,94,134,167,227,86.0%,31,0,0,196,0
20170917,268,4,3,3,3,8,1,119,94,134,167,227,86.0%,31,0,0,196,0
20170918,268,4,3,3,3,8,1,119,94,134,167,227,86.0%,31,0,0,196,0
20170919,268,4,3,3,3,8,1,119,94,134,167,227,86.0%,31,0,0,196,0
20170920,268,4,3,3,3,8,1,119,94,134,167,227,86.0%,31,0,0,196,0
20170921,268,4,3,3,3,8,1,119,94,134,167,227,86.0%,31,0,0,196,0
20170922,268,4,3,3,3,8,1,119,94,134,167,227,86.0%,31,0,0,196,0
20170923,268,4,3,3,3,8,1,119,94,134,167,227,86.0%,31,0,0,196,0
20170924,268,4,3,3,3,8,1,119,94,134,167,227,86.0%,31,0,0,196,0
20170925,268,4,3,3,3,8,1,119,94,134,167,227,86.0%,31,0,0,196,0
20170926,268,4,3,3,3,8,1,119,94,134,167,227,86.0%,31,0,0,196,0
20170927,268,4,3,3,3,8,1,119,94,134,167,227,86.0%,31,0,0,196,0
20170928,268,4,3,3,3,8,1,119,94,134,167,227,86.0%,31,0,0,196,0
20170929,268,4,3,3,3,8,1,119,94,134,167,227,86.0%,31,0,0,196,0
20170930,268,4,3,3,3,8,1,119,94,134,167,227,86.0%,31,0,0,196,0
20171001,268,4,3,3,3,8,1,119,94,134,167,227,86.0%,31,0,0,196,0
20171002,268,4,3,3,3,8,1,119,94,134,167,227,86.0%,31,0,0,196,0
20171003,268,4,3,3,3,8,1,119,94,134,167,227,86.0%,31,0,0,196,0
20171004,268,4,3,3,3,8,1,119,94,134,167,227,86.0%,31,0,0,196,0
20171005,268,4,3,3,3,8,1,119,94,134,167,227,86.0%,31,0,0,196,0
20171006,268,4,3,3,3,8,1,119,94,134,167,227,86.0%,31,0,0,196,0
20171007,268,4,3,3,3,8,1,119,94,134,167,227,86.0%,31,0,0,196,0
20171008,268,4,3,3,3,8,1,119,94,134,167,227,86.0%,31,0,0,196,0
20171009,268,4,3,3,3,8,1,119,94,134,167,227,86.0%,31,0,0,196,0
20171010,268,4,3,3,3,8,1,119,94,134,167,227,86.0%,31,0,0,196,0
20171011,268,4,3,3,3,8,1,119,94,134,167,227,86.0%,31,0,0,196,0
20171012,268,4,3,3,3,8,1,119,94,134,167,227,86.0%,31,0,0,196,0
20171013,268,4,3,3,3,8,1,119,94,134,167,227,86.0%,31,0,0,196,0
20171014,268,4,3,3,3,8,1,119,94,134,167,227,86.0%,31,0,0,196,0
20171015,268,4,3,3,3,8,1,119,94,134,167,227,86.0%,31,0,0,196,0
20171016,268,4,3,3,3,8,1,119,94,134,167,227,86.0%,31,0,0,196,0
20171017,268,4,3,3,3,8,1,119,94,134,167,227,86.0%,31,0,0,196,0
20171018,268,4,3,3,3,8,1,119,94,134,167,227,86.0%,31,0,0,196,0
20171019,268,4,3,3,3,8,1,119,94,134,167,227,86.0%,31,0,0,196,0
20171020,268,4,3,3,3,8,1,119,94,134,167,227,86.0%,31,0,0,196,0
20171021,268,4,3,3,3,8,1,119,94,134,167,227,86.0%,31,0,0,196,0
20171022,268,4,3,3,3,8,1,119,94,134,167,227,86.0%,31,0,0,196,0
20171023,268,4,3,3,3,8,1,119,94,134,167,227,86.0%,31,0,0,196,0
20171024,268,4,3,3,3,8,1,119,94,134,167,227,86.0%,31,0,0,196,0
20171025,268,4,3,3,3,8,1,119,94,134,167,227,86.0%,31,0,0,196,0
20171026,268,4,3,3,3,8,1,119,94,134,167,227,86.0%,31,0,0,196,0
20171027,268,4,3,3,3,8,1,119,94,134,167,227,86.0%,31,0,0,196,0
20171028,268,4,3,3,3,8,1,119,94,134,167,227,86.0%,31,0,0,196,0
20171029,268,4,3,3,3,8,1,119,94,134,167,227,86.0%,31,0,0,196,0
20171030,268,4,3,3,3,8,1,119,94,134,167,227,86.0%,31,0,0,196,0
20171031,268,4,3,3,3,8,1,119,94,134,167,227,86.0%,31,0,0,196,0
20171101,268,4,3,3,3,8,1,119,94,134,167,227,86.0%,31,0,0,196,0
20171102,268,4,3,3,3,8,1,119,94,134,167,227,86.0%,31,0,0,196,0
20171103,268,4,3,3,3,8,1,119,94,134,167,227,86.0%,31,0,0,196,0
20171104,268,4,3,3,3,8,1,119,94,134,167,227,86.0%,31,0,0,196,0
20171105,268,4,3,3,3,8,1,119,94,134,167,227,86.0%,31,0,0,196,0
20171106,268,4,3,3,3,8,1,119,94,134,167,227,86.0%,31,0,0,196,0
20171107,268,4,3,3,3,8,1,119,94,134,167,227,86.0%,31,0,0,196,0
20171108,268,4,3,3,3,8,1,119,94,134,167,227,86.0%,31,0,0,196,0
20171109,268,4,3,3,3,8,1,119,94,134,167,227,86.0%,31,0,0,196,0
20171110,268,4,3,3,3,8,1,119,94,134,167,227,86.0%,31,0,0,196,0
20171111,268,4,3,3,3,8,1,119,94,134,167,227,86.0%,31,0,0,196,0
20171112,268,4,3,3,3,8,1,119,94,134,167,227,86.0%,31,0,0,196,0
20171113,268,4,3,3,3,8,1,119,94,134,167,227,86.0%,31,0,0,196,0
20171114,268,4,3,3,3,8,1,119,94,134,167,227,86.0%,31,0,0,196,0
20171115,268,4,3,3,3,8,1,119,94,134,167,227,86.0%,31,0,0,196,0
20171116,268,4,3,3,3,8,1,119,94,134,167,227,86.0%,31,0,0,196,0
20171117,268,4,3,3,3,8,1,119,94,134,167,227,86.0%,31,0,0,196,0
20171118,268,4,3,3,3,8,1,119,94,134,167,227,86.0%,31,0,0,196,0
20171119,268,4,3,3,3,8,1,119,94,134,167,227,86.0%,31,0,0,196,0
20171120,268,4,3,3,3,8,1,119,94,134,167,227,86.0%,31,0,0,196,0
20171121,268,4,3,3,3,8,1,119,94,134,167,227,86.0%,31,0,0,196,0
20171122,268,4,3,3,3,8,1,119,94,134,167,227,86.0%,31,0,0,196,0
20171123,268,4,3,3,3,8,1,119,94,134,167,227,86.0%,31,0,0,196,0
20171124,268,4,3,3,3,8,1,119,94,134,167,227,86.0%,31,0,0,196,0
20171125,268,4,3,3,3,8,1,119,94,134,167,227,86.0%,31,0,0,196,0
20171126,268,4,3,3,3,8,1,119,94,134,167,227,86.0%,31,0,0,196,0
20171127,268,4,3,3,3,8,1,119,94,134,167,227,86.0%,31,0,0,196,0
20171128,268,4,3,3,3,8,1,119,94,134,167,227,86.0%,31,0,0,196,0
20171129,268,4,3,3,3,8,1,119,94,134,167,227,86.0%,31,0,0,196,0
20171130,268,4,3,3,3,8,1,119,94,134,167,227,86.0%,31,0,0,196,0
20171201,268,4,3,3,3,8,1,119,94,134,167,227,86.0%,31,0,0,196,0
20171202,268,4,3,3,3,8,1,119,94,134,167,227,86.0%,31,0,0,196,0
20171203,268,4,3,3,3,8,1,119,94,134,167,227,86.0%,31,0,0,196,0
20171204,268,4,3,3,3,8,1,119,94,134,167,227,86.0%,31,0,0,196,0
20171205,268,4,3,3,3,8,1,119,94,134,167,227,86.0%,31,0,0,196,0
20171206,268,4,3,3,3,8,1,119,94,134,167,227,86.0%,31,0,0,196,0
20171207,268,4,3,3,3,8,1,119,94,134,167,227,86.0%,31,0,0,196,0
20171208,268,4,3,3,3,8,1,119,94,134,167,227,86.0%,31,0,0,196,0
20171209,268,4,3,3,3,8,1,119,94,134,167,227,86.0%,31,0,0,196,0
20171210,268,4,3,3,3,8,1,119,94,134,167,227,86.0%,31,0,0,196,0
20171211,268,4,3,3,3,8,1,119,94,134,167,227,86.0%,31,0,0,196,0
20171212,268,4,3,3,3,8,1,119,94,134,167,227,86.0%,31,0,0,196,0
20171213,268,4,3,3,3,8,1,119,94,134,167,227,86.0%,31,0,0,196,0
20171214,268,4,3,3,3,8,1,119,94,134,167,227,86.0%,31,0,0,196,0
20171215,268,4,3,3,3,8,1,119,94,134,167,227,86.0%,31,0,0,196,0
20171216,268,4,3,3,3,8,1,119,94,134,167,227,86.0%,31,0,0,196,0
20171217,268,4,3,3,3,8,1,119,94,134,167,227,86.0%,31,0,0,196,0
20171218,268,4,3,3,3,8,1,119,94,134,167,227,86.0%,31,0,0,196,0
20171219,268,4,3,3,3,8,1,119,94,134,167,227,86.0%,31,0,0,196,0
20171220,268,4,3,3,3,8,1,119,94,134,167,227,86.0%,31,0,0,196,0
20171221,268,4,3,3,3,8,1,119,94,134,167,227,86.0%,31,0,0,196,0
20171222,268,4,3,3,3,8,1,119,94,134,167,227,86.0%,31,0,0,196,0
20171223,268,4,3,3,3,8,1,119,94,134,167,227,86.0%,31,0,0,196,0
20171224,268,4,3,3,3,8,1,119,94,134,167,227,86.0%,31,0,0,196,0
20171225,268,4,3,3,3,8,1,119,94,134,167,227,86.0%,31,0,0,196,0
20171226,268,4,3,3,3,8,1,119,94,134,167,227,86.0%,31,0,0,196,0
20171227,268,4,3,3,3,8,1,119,94,134,167,227,86.0%,31,0,0,196,0
20171228,268,4,3,3,3,8,1,119,94,134,167,227,86.0%,31,0,0,196,0
20171229,268,4,3,3,3,8,1,119,94,134,167,227,86.0%,31,0,0,196,0
20171230,268,4,3,3,3,8,1,119,94,134,167,227,86.0%,31,0,0,196,0
20171231,268,4,3,3,3,8,1,119,94,134,167,227,86.0%,31,0,0,196,0
20180101,268,4,3,3,3,8,1,119,94,134,167,227,86.0%,31,0,0,196,0
20180102,268,4,3,3,3,8,1,119,94,134,167,227,86.0%,31,0,0,196,0
20180103,268,4,3,3,3,8,1,119,94,134,167,227,86.0%,31,0,0,196,0
20180104,268,4,3,3,3,8,1,119,94,134,167,227,86.0%,31,0,0,196,0
20180105,268,4,3,3,3,8,1,119,94,134,167,227,86.0%,31,0,0,196,0
20180106,268,4,3,3,3,8,1,119,94,134,167,227,86.0%,31,0,0,196,0
20180107,268,4,3,3,3,8,1,119,94,134,167,227,86.0%,31,0,0,196,0
20180108,268,4,3,3,3,8,1,119,94,134,167,227,86.0%,31,0,0,196,0
20180109,268,4,3,3,3,8,1,119,94,134,167,227,86.0%,31,0,0,196,0
20180110,268,4,3,3,3,8,1,119,94,134,167,227,86.0%,31,0,0,196,0
20180111,268,4,3,3,3,8,1,119,94,134,167,227,86.0%,31,0,0,196,0
20180112,268,4,3,3,3,8,1,119,94,134,167,227,86.0%,31,0,0,196,0
20180113,268,4,3,3,3,8,1,119,94,134,167,227,86.0%,31,0,0,196,0
20180114,268,4,3,3,3,8,1,119,94,134,167,227,86.0%,31,0,0,196,0
20180115,268,4,3,3,3,8,1,119,94,134,167,227,86.0%,31,0,0,196,0
20180116,268,4,3,3,3,8,1,119,94,134,167,227,86.0%,31,0,0,196,0
20180117,268,4,3,3,3,8,1,119,94,134,167,227,86.0%,31,0,0,196,0
20180118,268,4,3,3,3,8,1,119,94,134,167,227,86.0%,31,0,0,196,0
20180119,268,4,3,3,3,8,1,119,94,134,167,227,86.0%,31,0,0,196,0
20180120,268,4,3,3,3,8,1,119,94,134,167,227,86.0%,31,0,0,196,0
20180121,268,4,3,3,3,8,1,119,94,134,167,227,86.0%,31,0,0,196,0
20180122,268,4,3,3,3,8,1,119,94,134,167,227,86.0%,31,0,0,196,0
20180123,268,4,3,3,3,8,1,119,94,134,167,227,86.0%,31,0,0,196,0
20180124,268,4,3,3,3,8,1,119,94,134,167,227,86.0%,31,0,0,196,0
20180125,268,4,3,3,3,8,1,119,94,134,167,227,86.0%,31,0,0,196,0
20180127,268,4,3,3,3,8,1,119,94,134,167,227,86.0%,31,0,0,196,0
20180128,268,4,3,3,3,8,1,119,94,134,167,227,86.0%,31,0,0,196,0
20180129,268,4,3,3,3,8,1,119,94,134,167,227,86.0%,31,0,0,196,0
20180129,268,4,3,3,3,8,1,119,94,134,167,227,86.0%,31,0,0,196,0
20180130,268,4,3,3,3,8,1,119,94,134,167,227,86.0%,31,0,0,196,0
20180131,268,4,3,3,3,8,1,119,94,134,167,227,86.0%,31,0,0,196,0
20180201,268,4,3,3,3,8,1,119,94,134,167,227,86.0%,31,0,0,196,0
20180202,268,4,3,3,3,8,1,119,94,134,167,227,86.0%,31,0,0,196,0
20180203,268,4,3,3,3,8,1,119,94,134,167,227,86.0%,31,0,0,196,0
20180204,268,4,3,3,3,8,1,119,94,134,167,227,86.0%,31,0,0,196,0
20180205,268,4,3,3,3,8,1,119,94,134,167,227,86.0%,31,0,0,196,0
20180206,268,4,3,3,3,8,1,119,94,134,167,227,86.0%,31,0,0,196,0
20180207,268,4,3,3,3,8,1,119,94,134,167,227,86.0%,31,0,0,196,0
20180208,268,4,3,3,3,8,1,119,94,134,167,227,86.0%,31,0,0,196,0
20180209,268,4,3,3,3,8,1,119,94,134,167,227,86.0%,31,0,0,196,0
20180210,268,4,3,3,3,8,1,119,94,134,167,227,86.0%,31,0,0,196,0
20180211,268,4,3,3,3,8,1,119,94,134,167,227,86.0%,31,0,0,196,0
20180212,268,4,3,3,3,8,1,119,94,134,167,227,86.0%,31,0,0,196,0
20180213,268,4,3,3,3,8,1,119,94,134,167,227,86.0%,31,0,0,196,0
20180214,268,4,3,3,3,8,1,119,94,134,167,227,86.0%,31,0,0,196,0
20180215,268,4,3,3,3,8,1,119,94,134,167,227,86.0%,31,0,0,196,0
20180216,268,4,3,3,3,8,1,119,94,134,167,227,86.0%,31,0,0,196,0
20180217,268,4,3,3,3,8,1,119,94,134,167,227,86.0%,31,0,0,196,0
20180218,268,4,3,3,3,8,1,119,94,134,167,227,86.0%,31,0,0,196,0
20180219,268,4,3,3,3,8,1,119,94,134,167,227,86.0%,31,0,0,196,0
20180220,268,4,3,3,3,8,1,119,94,134,167,227,86.0%,31,0,0,196,0
20180221,268,4,3,3,3,8,1,119,94,134,167,227,86.0%,31,0,0,196,0
20180222,268,4,3,3,3,8,1,119,94,134,167,227,86.0%,31,0,0,196,0
20180223,268,4,3,3,3,8,1,119,94,134,167,227,86.0%,31,0,0,196,0
20180224,268,4,3,3,3,8,1,119,94,134,167,227,86.0%,31,0,0,196,0
20180225,268,4,3,3,3,8,1,119,94,134,167,227,86.0%,31,0,0,196,0
20180226,268,4,3,3,3,8,1,119,94,134,167,227,86.0%,31,0,0,196,0
20180227,268,4,3,3,3,8,1,119,94,134,167,227,86.0%,31,0,0,196,0
20180228,268,4,3,3,3,8,1,119,94,134,167,227,86.0%,31,0,0,196,0
20180301,268,4,3,3,3,8,1,119,94,134,167,227,86.0%,31,0,0,196,0
20180302,268,4,3,3,3,8,1,119,94,134,167,227,86.0%,31,0,0,196,0
20180303,268,4,3,3,3,8,1,119,94,134,167,227,86.0%,31,0,0,196,0
20180304,268,4,3,3,3,8,1,119,94,134,167,227,86.0%,31,0,0,196,0
20180305,268,4,3,3,3,8,1,119,94,134,167,227,86.0%,31,0,0,196,0
20180306,268,4,3,3,3,8,1,119,94,134,167,227,86.0%,31,0,0,196,0
20180307,268,4,3,3,3,8,1,119,94,134,167,227,86.0%,31,0,0,196,0
20180308,268,4,3,3,3,8,1,119,94,134,167,227,86.0%,31,0,0,196,0
20180309,268,4,3,3,3,8,1,119,94,134,167,227,86.0%,31,0,0,196,0
20180310,268,4,3,3,3,8,1,119,94,134,167,227,86.0%,31,0,0,196,0
20180311,268,4,3,3,3,8,1,119,94,134,167,227,86.0%,31,0,0,196,0
20180312,268,4,3,3,3,8,1,119,94,134,167,227,86.0%,31,0,0,196,0
20180313,268,4,3,3,3,8,1,119,94,134,167,227,86.0%,31,0,0,196,0
20180314,268,4,3,3,3,8,1,119,94,134,167,227,86.0%,31,0,0,196,0
20180315,268,4,3,3,3,8,1,119,94,134,167,227,86.0%,31,0,0,196,0
20180316,268,4,3,3,3,8,1,119,94,134,167,227,86.0%,31,0,0,196,0
20180317,268,4,3,3,3,8,1,119,94,134,167,227,86.0%,31,0,0,196,0
20180318,268,4,3,3,3,8,1,119,94,134,167,227,86.0%,31,0,0,196,0
20180319,268,4,3,3,3,8,1,119,94,134,167,227,86.0%,31,0,0,196,0
20180320,268,4,3,3,3,8,1,119,94,134,167,227,86.0%,31,0,0,196,0
20180321,268,4,3,3,3,8,1,119,94,134,167,227,86.0%,31,0,0,196,0
20180322,268,4,3,3,3,8,1,119,94,134,167,227,86.0%,31,0,0,196,0
20180323,268,4,3,3,3,8,1,119,94,134,167,227,86.0%,31,0,0,196,0
20180324,268,4,3,3,3,8,1,119,94,134,167,227,86.0%,31,0,0,196,0
20180325,268,4,3,3,3,8,1,119,94,134,167,227,86.0%,31,0,0,196,0
20180326,268,4,3,3,3,8,1,119,94,134,167,227,86.0%,31,0,0,196,0
20180327,268,4,3,3,3,8,1,119,94,134,167,227,86.0%,31,0,0,196,0
20180328,268,4,3,3,3,8,1,119,94,134,167,227,86.0%,31,0,0,196,0
20180329,268,4,3,3,3,8,1,119,94,134,167,227,86.0%,31,0,0,196,0
20180330,268,4,3,3,3,8,1,119,94,134,167,227,86.0%,31,0,0,196,0
20180331,268,4,3,3,3,8,1,119,94,134,167,227,86.0%,31,0,0,196,0
20180401,268,4,3,3,3,8,1,119,94,134,167,227,86.0%,31,0,0,196,0
20180402,268,4,3,3,3,8,1,119,94,134,167,227,86.0%,31,0,0,196,0
20180403,268,4,3,3,3,8,1,119,94,134,167,227,86.0%,31,0,0,196,0
20180404,268,4,3,3,3,8,1,119,94,134,167,227,86.0%,31,0,0,196,0
20180405,268,4,3,3,3,8,1,119,94,134,167,227,86.0%,31,0,0,196,0
20180406,268,4,3,3,3,8,1,119,94,134,167,227,86.0%,31,0,0,196,0
20180407,268,4,3,3,3,8,1,119,94,134,167,227,86.0%,31,0,0,196,0
20180408,268,4,3,3,3,8,1,119,94,134,167,227,86.0%,31,0,0,196,0
20180409,268,4,3,3,3,8,1,119,94,134,167,227,86.0%,31,0,0,196,0
20180410,268,4,3,3,3,8,1,119,94,134,167,227,86.0%,31,0,0,196,0
20180411,268,4,3,3,3,8,1,119,94,134,167,227,86.0%,31,0,0,196,0
20180412,268,4,3,3,3,8,1,119,94,134,167,227,86.0%,31,0,0,196,0
20180413,268,4,3,3,3,8,1,119,94,134,167,227,86.0%,31,0,0,196,0
20180414,268,4,3,3,3,8,1,119,94,134,167,227,86.0%,31,0,0,196,0
20180415,268,4,3,3,3,8,1,119,94,134,167,227,86.0%,31,0,0,196,0
20180416,268,4,3,3,3,8,1,119,94,134,167,227,86.0%,31,0,0,196,0
20180417,268,4,3,3,3,8,1,119,94,134,167,227,86.0%,31,0,0,196,0
20180418,268,4,3,3,3,8,1,119,94,134,167,227,86.0%,31,0,0,196,0
20180419,268,4,3,3,3,8,1,119,94,134,167,227,86.0%,31,0,0,196,0
20180420,268,4,3,3,3,8,1,119,94,134,167,227,86.0%,31,0,0,196,0
20180421,268,4,3,3,3,8,1,119,94,134,167,227,86.0%,31,0,0,196,0
20180422,268,4,3,3,3,8,1,119,94,134,167,227,86.0%,31,0,0,196,0
20180423,268,4,3,3,3,8,1,119,94,134,167,227,86.0%,31,0,0,196,0
20180424,268,4,3,3,3,8,1,119,94,134,167,227,86.0%,31,0,0,196,0
20180425,268,4,3,3,3,8,1,119,94,134,167,227,86.0%,31,0,0,196,0
20180426,268,4,3,3,3,8,1,119,94,134,167,227,86.0%,31,0,0,196,0
20180427,268,4,3,3,3,8,1,119,94,134,167,227,86.0%,31,0,0,196,0
20180428,268,4,3,3,3,8,1,119,94,134,167,227,86.0%,31,0,0,196,0
20180429,268,4,3,3,3,8,1,119,94,134,167,227,86.0%,31,0,0,196,0
20180430,268,4,3,3,3,8,1,119,94,134,167,227,86.0%,31,0,0,196,0
20180501,268,4,3,3,3,8,1,119,94,134,167,227,86.0%,31,0,0,196,0
20180502,268,4,3,3,3,8,1,119,94,134,167,227,86.0%,31,0,0,196,0
20180503,268,4,3,3,3,8,1,119,94,134,167,227,86.0%,31,0,0,196,0
20180504,268,4,3,3,3,8,1,119,94,134,167,227,86.0%,31,0,0,196,0
20180505,268,4,3,3,3,8,1,119,94,134,167,227,86.0%,31,0,0,196,0
20180506,268,4,3,3,3,8,1,119,94,134,167,227,86.0%,31,0,0,196,0
20180507,268,4,3,3,3,8,1,119,94,134,167,227,86.0%,31,0,0,196,0
20180508,268,4,3,3,3,8,1,119,94,134,167,227,86.0%,31,0,0,196,0
20180509,268,4,3,3,3,8,1,119,94,134,167,227,86.0%,31,0,0,196,0
20180510,268,4,3,3,3,8,1,119,94,134,167,227,86.0%,31,0,0,196,0
20180511,268,4,3,3,3,8,1,119,94,134,167,227,86.0%,31,0,0,196,0
20180512,268,4,3,3,3,8,1,119,94,134,167,227,86.0%,31,0,0,196,0
20180513,268,4,3,3,3,8,1,119,94,134,167,227,86.0%,31,0,0,196,0
20180514,268,4,3,3,3,8,1,119,94,134,167,227,86.0%,31,0,0,196,0
20180515,268,4,3,3,3,8,1,119,94,134,167,227,86.0%,31,0,0,196,0
20180516,268,4,3,3,3,8,1,119,94,134,167,227,86.0%,31,0,0,196,0
20180517,268,4,3,3,3,8,1,119,94,134,167,227,86.0%,31,0,0,196,0
20180518,268,4,3,3,3,8,1,119,94,134,167,227,86.0%,31,0,0,196,0
20180519,268,4,3,3,3,8,1,119,94,134,167,227,86.0%,31,0,0,196,0
20180520,268,4,3,3,3,8,1,119,94,134,167,227,86.0%,31,0,0,196,0
20180521,268,4,3,3,3,8,1,119,94,134,167,227,86.0%,31,0,0,196,0
20180522,268,4,3,3,3,8,1,119,94,134,167,227,86.0%,31,0,0,196,0
20180523,268,4,3,3,3,8,1,119,94,134,167,227,86.0%,31,0,0,196,0
20180524,268,4,3,3,3,8,1,119,94,134,167,227,86.0%,31,0,0,196,0
20180525,268,4,3,3,3,8,1,119,94,134,167,227,86.0%,31,0,0,196,0
20180526,268,4,3,3,3,8,1,119,94,134,167,227,86.0%,31,0,0,196,0
20180527,268,4,3,3,3,8,1,119,94,134,167,227,86.0%,31,0,0,196,0
20180528,268,4,3,3,3,8,1,119,94,134,167,227,86.0%,31,0,0,196,0
20180529,268,4,3,3,3,8,1,119,94,134,167,227,86.0%,31,0,0,196,0
20180530,268,4,3,3,3,8,1,119,94,134,167,227,86.0%,31,0,0,196,0
20180531,268,4,3,3,3,8,1,119,94,134,167,227,86.0%,31,0,0,196,0
20180601,268,4,3,3,3,8,1,119,94,134,167,227,86.0%,31,0,0,196,0
20180602,268,4,3,3,3,8,1,119,94,134,167,227,86.0%,31,0,0,196,0
20180603,268,4,3,3,3,8,1,119,94,134,167,227,86.0%,31,0,0,196,0
