20141227,2,2,2,0,0,0,0,0,0,0,0,0,0.0%,0,0,0,0,0
20141228,2,2,2,0,0,0,0,0,0,0,0,0,0.0%,0,0,0,0,0
20141229,2,2,2,0,0,0,0,0,0,0,0,0,0.0%,0,0,0,0,0
20141230,3,3,3,0,0,0,0,0,0,0,0,0,0.0%,0,0,0,0,0
20141231,4,4,4,0,0,0,0,0,0,0,0,0,0.0%,0,0,0,0,0
20150101,4,4,4,0,0,0,0,0,0,0,0,0,0.0%,0,0,0,0,0
20150102,4,4,4,0,0,0,0,0,0,0,0,0,0.0%,0,0,0,0,0
20150103,4,4,4,0,0,0,0,0,0,0,0,0,0.0%,0,0,0,0,0
20150104,6,6,6,0,0,0,0,0,0,0,0,0,0.0%,0,0,0,0,0
20150105,8,8,8,0,0,0,0,0,0,0,0,0,0.0%,0,0,0,0,0
20150106,11,11,11,0,0,0,0,0,0,0,0,0,0.0%,0,0,0,0,0
20150107,11,11,11,0,0,0,0,0,0,0,0,0,0.0%,0,0,0,0,0
20150108,14,14,14,0,0,0,0,0,0,0,0,0,0.0%,0,0,0,0,0
20150109,17,15,4,2,1,0,11,0,1,0,0,0,0.0%,0,0,0,0,0
20150110,17,13,4,4,1,0,11,0,1,0,0,0,0.0%,0,0,0,0,0
20150111,17,13,4,4,1,0,11,0,1,0,0,0,0.0%,0,0,0,0,0
20150112,17,12,3,4,0,1,4,0,10,0,0,0,0.0%,0,0,0,0,0
20150113,17,12,1,3,2,2,4,0,10,0,0,0,0.0%,0,0,0,0,0
20150114,18,13,2,3,2,2,4,0,10,0,0,0,0.0%,0,0,0,0,0
20150115,22,17,6,3,2,2,4,0,10,0,0,0,0.0%,0,0,0,0,0
20150116,38,33,22,3,2,2,4,0,10,0,0,0,0.0%,0,0,0,0,0
20150117,42,34,26,6,2,2,4,0,10,0,0,0,0.0%,0,0,0,0,0
20150118,42,34,1,5,0,3,1,0,38,0,2,0,0.0%,0,0,0,0,0
20150119,42,34,1,5,0,3,1,0,38,0,2,0,0.0%,0,0,0,0,0
20150121,44,27,3,13,1,4,4,0,34,0,2,0,0.0%,0,0,0,0,0
20150122,44,24,3,15,1,5,4,0,34,0,2,0,0.0%,0,0,0,0,0
20150123,45,21,2,16,0,7,0,1,0,0,43,0,0.0%,0,0,0,0,0
20150124,45,20,2,16,0,8,0,0,0,1,43,0,0.0%,0,0,0,0,0
20150125,45,16,2,19,0,9,0,0,0,1,43,0,0.0%,0,0,0,0,0
20150126,45,15,2,19,0,10,0,0,0,1,43,0,0.0%,0,0,0,0,0
20150127,45,15,2,19,0,9,0,1,0,1,43,0,0.0%,0,0,0,0,0
20150128,45,13,2,17,0,12,0,2,0,1,43,0,0.0%,0,0,0,0,0
20150129,45,11,2,19,0,12,0,2,0,1,43,0,0.0%,0,0,0,0,0
20150130,45,10,2,20,0,12,0,2,0,1,43,0,0.0%,0,0,0,0,0
20150131,45,8,2,19,0,13,0,4,0,1,43,0,0.0%,0,0,0,0,0
20150201,45,6,2,20,0,14,0,4,0,1,43,0,0.0%,0,0,0,0,0
20150202,45,6,2,17,0,17,0,4,0,1,43,0,0.0%,0,0,0,0,0
20150203,45,6,2,17,0,16,0,5,0,1,43,0,0.0%,0,0,0,0,0
20150204,45,6,2,16,0,17,0,5,0,1,43,0,0.0%,0,0,0,0,0
20150205,45,4,1,12,0,18,0,10,0,1,44,0,0.0%,0,0,0,0,0
20150206,45,4,1,10,0,15,0,15,0,1,44,0,0.0%,0,0,0,0,0
20150207,45,4,1,9,0,14,0,17,0,1,44,0,0.0%,0,0,0,0,0
20150208,45,3,1,9,0,13,0,18,0,2,44,0,0.0%,0,0,0,0,0
20150209,45,2,1,6,0,14,0,20,0,3,44,0,0.0%,0,0,0,0,0
20150210,45,1,1,6,0,11,0,21,0,6,44,0,0.0%,0,0,0,0,0
20150211,45,1,1,1,0,15,0,21,0,7,44,0,0.0%,0,0,0,0,0
20150212,45,1,1,1,0,14,0,21,0,8,44,0,0.0%,0,0,0,0,0
20150213,45,1,1,1,0,14,0,21,0,8,44,0,0.0%,0,0,0,0,0
20150214,45,1,1,1,0,14,0,21,0,8,44,0,0.0%,0,0,0,0,0
20150215,45,1,1,1,0,14,0,21,0,8,44,0,0.0%,0,0,0,0,0
20150216,45,1,1,1,0,14,0,21,1,8,43,0,0.0%,0,0,0,0,0
20150217,45,1,1,1,0,14,0,20,1,9,43,0,0.0%,0,0,0,0,0
20150218,45,1,1,1,0,14,0,20,1,9,43,0,0.0%,0,0,0,0,0
20150219,45,1,1,1,0,14,0,20,1,9,43,0,0.0%,0,0,0,0,0
20150220,45,1,1,1,0,14,0,20,1,9,43,0,0.0%,0,0,0,0,0
20150221,45,1,1,1,0,14,0,19,1,10,43,0,0.0%,0,0,0,0,0
20150222,45,1,1,1,0,14,0,19,1,10,43,0,0.0%,0,0,0,0,0
20150223,45,1,1,1,0,14,0,19,1,10,43,0,0.0%,0,0,0,0,0
20150224,45,1,1,1,0,14,0,19,1,10,43,0,0.0%,0,0,0,0,0
20150225,45,1,1,1,0,14,0,19,1,10,43,0,0.0%,0,0,0,0,0
20150226,45,1,1,1,0,14,0,19,1,10,43,0,0.0%,0,0,0,0,0
20150227,45,1,1,1,0,14,0,19,1,10,43,0,0.0%,0,0,0,0,0
20150228,45,1,1,1,0,14,0,19,1,10,43,0,0.0%,0,0,0,0,0
20150301,45,1,1,1,0,14,0,19,1,10,43,0,0.0%,0,0,0,0,0
20150302,45,1,1,1,0,14,0,19,1,10,43,0,0.0%,0,0,0,0,0
20150303,45,1,1,1,0,14,0,19,1,10,43,0,0.0%,0,0,0,0,0
20150304,45,1,1,1,0,14,0,19,1,10,43,0,0.0%,0,0,0,0,0
20150305,45,1,1,1,0,14,0,19,1,10,43,0,0.0%,0,0,0,0,0
20150306,46,1,1,2,1,14,0,19,1,10,43,0,0.0%,0,0,0,0,0
20150307,46,1,1,2,1,14,0,19,1,10,43,0,0.0%,0,0,0,0,0
20150308,46,1,1,2,1,14,0,19,1,10,43,0,0.0%,0,0,0,0,0
20150309,46,1,1,2,1,14,0,19,1,10,43,0,0.0%,0,0,0,0,0
20150310,46,1,1,2,1,14,0,19,1,10,43,0,0.0%,0,0,0,0,0
20150311,46,1,1,2,1,14,0,19,1,10,43,0,0.0%,0,0,0,0,0
20150312,46,1,1,2,1,14,0,19,1,10,43,0,0.0%,0,0,0,0,0
20150313,46,1,1,2,1,14,0,19,1,10,43,0,0.0%,0,0,0,0,0
20150314,46,1,1,2,1,14,0,19,1,10,43,0,0.0%,0,0,0,0,0
20150315,46,1,1,2,1,14,0,19,1,10,43,0,0.0%,0,0,0,0,0
20150316,46,1,1,2,1,14,0,19,1,10,43,0,0.0%,0,0,0,0,0
20150317,46,1,1,2,1,14,0,19,1,10,43,0,0.0%,0,0,0,0,0
20150318,46,1,1,2,1,14,0,19,1,10,43,0,0.0%,0,0,0,0,0
20150319,46,1,1,2,1,14,0,19,1,10,43,0,0.0%,0,0,0,0,0
20150320,46,1,1,2,1,14,0,19,1,10,43,0,0.0%,0,0,0,0,0
20150321,46,1,1,2,1,14,0,19,1,10,43,0,0.0%,0,0,0,0,0
20150322,46,1,1,2,1,14,0,19,1,10,43,0,0.0%,0,0,0,0,0
20150323,46,1,1,2,1,14,0,19,1,10,43,0,0.0%,0,0,0,0,0
20150324,46,1,1,2,1,14,0,19,1,10,43,0,0.0%,0,0,0,0,0
20150325,46,1,1,2,1,14,0,19,1,10,43,0,0.0%,0,0,0,0,0
20150326,46,1,1,2,1,14,0,19,1,10,43,0,0.0%,0,0,0,0,0
20150327,46,1,1,2,1,14,0,19,1,10,43,0,0.0%,0,0,0,0,0
20150328,46,1,1,2,1,14,0,19,1,10,43,0,0.0%,0,0,0,0,0
20150329,46,1,1,2,1,14,0,19,1,10,43,0,0.0%,0,0,0,0,0
20150330,46,1,1,2,1,14,0,19,1,10,43,0,0.0%,0,0,0,0,0
20150331,46,1,1,2,1,14,0,19,1,10,43,0,0.0%,0,0,0,0,0
20150401,46,1,1,2,1,14,0,19,1,10,43,0,0.0%,0,0,0,0,0
20150402,46,1,1,2,1,14,0,19,1,10,43,0,0.0%,0,0,0,0,0
20150403,46,1,1,2,1,14,0,19,1,10,43,0,0.0%,0,0,0,0,0
20150404,46,1,1,2,1,14,0,19,1,10,43,0,0.0%,0,0,0,0,0
20150405,46,1,1,2,1,14,0,19,1,10,43,0,0.0%,0,0,0,0,0
20150406,46,1,1,2,1,14,0,19,1,10,43,0,0.0%,0,0,0,0,0
20150407,46,1,1,2,1,14,0,19,1,10,43,0,0.0%,0,0,0,0,0
20150408,46,1,1,2,1,14,0,19,1,10,43,0,0.0%,0,0,0,0,0
20150409,46,1,1,2,1,14,0,19,1,10,43,0,0.0%,0,0,0,0,0
20150410,46,1,1,2,1,14,0,19,1,10,43,0,0.0%,0,0,0,0,0
20150411,46,1,1,2,1,14,0,19,1,10,43,0,0.0%,0,0,0,0,0
20150412,46,1,1,2,1,14,0,19,1,10,43,0,0.0%,0,0,0,0,0
20150413,46,1,1,2,1,14,0,19,1,10,43,0,0.0%,0,0,0,0,0
20150414,46,1,1,2,1,14,0,19,1,10,43,0,0.0%,0,0,0,0,0
20150415,46,1,1,2,1,14,0,19,1,10,43,0,0.0%,0,0,0,0,0
20150416,46,1,1,2,1,14,0,19,1,10,43,0,0.0%,0,0,0,0,0
20150417,46,1,1,2,1,14,0,19,1,10,43,0,0.0%,0,0,0,0,0
20150418,46,1,1,2,1,14,0,19,1,10,43,0,0.0%,0,0,0,0,0
20150419,46,1,1,2,1,14,0,19,1,10,43,0,0.0%,0,0,0,0,0
20150420,46,1,1,2,1,14,0,19,1,10,43,0,0.0%,0,0,0,0,0
20150421,46,1,1,2,1,14,0,19,1,10,43,0,0.0%,0,0,0,0,0
20150422,46,1,1,2,1,14,0,19,1,10,43,0,0.0%,0,0,0,0,0
20150423,46,1,1,2,1,14,0,19,1,10,43,0,0.0%,0,0,0,0,0
20150424,46,1,1,2,1,14,0,19,1,10,43,0,0.0%,0,0,0,0,0
20150425,46,1,1,2,1,14,0,19,1,10,43,0,0.0%,0,0,0,0,0
20150426,46,1,1,2,1,14,0,19,1,10,43,0,0.0%,0,0,0,0,0
20150427,46,1,1,2,1,14,0,19,1,10,43,0,0.0%,0,0,0,0,0
20150428,46,1,1,2,1,14,0,19,1,10,43,0,0.0%,0,0,0,0,0
20150429,46,1,1,2,1,14,0,19,1,10,43,0,0.0%,0,0,0,0,0
20150430,46,1,1,2,1,14,0,19,1,10,43,0,0.0%,0,0,0,0,0
20150501,46,1,1,2,1,14,0,19,1,10,43,0,0.0%,0,0,0,0,0
20150502,46,1,1,2,1,14,0,19,1,10,43,0,0.0%,0,0,0,0,0
20150503,46,1,1,2,1,14,0,19,1,10,43,0,0.0%,0,0,0,0,0
20150504,46,1,1,2,1,14,0,19,1,10,43,0,0.0%,0,0,0,0,0
20150505,46,1,1,2,1,14,0,19,1,10,43,0,0.0%,0,0,0,0,0
20150506,46,1,1,2,1,14,0,19,1,10,43,0,0.0%,0,0,0,0,0
20150507,46,1,1,2,1,14,0,19,1,10,43,0,0.0%,0,0,0,0,0
20150508,46,1,1,2,1,14,0,19,1,10,43,0,0.0%,0,0,0,0,0
20150509,46,1,1,2,1,14,0,19,1,10,43,0,0.0%,0,0,0,0,0
20150510,46,1,1,2,1,14,0,19,1,10,43,0,0.0%,0,0,0,0,0
20150511,46,1,1,2,1,14,0,19,1,10,43,0,0.0%,0,0,0,0,0
20150512,46,1,1,2,1,14,0,19,1,10,43,0,0.0%,0,0,0,0,0
20150513,46,1,1,2,1,14,0,19,1,10,43,0,0.0%,0,0,0,0,0
20150514,46,1,1,2,1,14,0,19,1,10,43,0,0.0%,0,0,0,0,0
20150515,46,1,1,2,1,14,0,19,1,10,43,0,0.0%,0,0,0,0,0
20150516,46,1,1,2,1,14,0,19,1,10,43,0,0.0%,0,0,0,0,0
20150517,46,1,1,2,1,14,0,19,1,10,43,0,0.0%,0,0,0,0,0
20150518,46,1,1,2,1,14,0,19,1,10,43,0,0.0%,0,0,0,0,0
20150519,46,1,1,2,1,14,0,19,1,10,43,0,0.0%,0,0,0,0,0
20150520,46,1,1,2,1,14,0,19,1,10,43,0,0.0%,0,0,0,0,0
20150521,46,1,1,2,1,14,0,19,1,10,43,0,0.0%,0,0,0,0,0
20150522,46,1,1,2,1,14,0,19,1,10,43,0,0.0%,0,0,0,0,0
20150523,46,1,1,2,1,14,0,19,1,10,43,0,0.0%,0,0,0,0,0
20150524,46,1,1,2,1,14,0,19,1,10,43,0,0.0%,0,0,0,0,0
20150525,46,1,1,2,1,14,0,19,1,10,43,0,0.0%,0,0,0,0,0
20150526,46,1,1,2,1,14,0,19,1,10,43,0,0.0%,0,0,0,0,0
20150527,46,1,1,2,1,14,0,19,1,10,43,0,0.0%,0,0,0,0,0
20150528,46,1,1,2,1,14,0,19,1,10,43,0,0.0%,0,0,0,0,0
20150529,46,1,1,2,1,14,0,19,1,10,43,0,0.0%,0,0,0,0,0
20150530,46,1,1,2,1,14,0,19,1,10,43,0,0.0%,0,0,0,0,0
20150531,46,1,1,2,1,14,0,19,1,10,43,0,0.0%,0,0,0,0,0
20150601,46,1,1,2,1,14,0,19,1,10,43,0,0.0%,0,0,0,0,0
20150602,46,1,1,2,1,14,0,19,1,10,43,0,0.0%,0,0,0,0,0
20150603,46,1,1,2,1,14,0,19,1,10,43,0,0.0%,0,0,0,0,0
20150604,46,1,1,2,1,14,0,19,1,10,43,0,0.0%,0,0,0,0,0
20150605,46,1,1,2,1,14,0,19,1,10,43,0,0.0%,0,0,0,0,0
20150606,46,1,1,2,1,14,0,19,1,10,43,0,0.0%,0,0,0,0,0
20150607,46,1,1,2,1,14,0,19,1,10,43,0,0.0%,0,0,0,0,0
20150608,46,1,1,2,1,14,0,19,1,10,43,0,0.0%,0,0,0,0,0
20150609,46,1,1,2,1,14,0,19,1,10,43,0,0.0%,0,0,0,0,0
20150610,46,1,1,2,1,14,0,19,1,10,43,0,0.0%,0,0,0,0,0
20150611,46,1,1,2,1,14,0,19,1,10,43,0,0.0%,0,0,0,0,0
20150612,46,1,1,2,1,14,0,19,1,10,43,0,0.0%,0,0,0,0,0
20150613,46,1,1,2,1,14,0,19,1,10,43,0,0.0%,0,0,0,0,0
20150614,46,1,1,2,1,14,0,19,1,10,43,0,0.0%,0,0,0,0,0
20150615,46,1,1,2,1,14,0,19,1,10,43,0,0.0%,0,0,0,0,0
20150616,46,1,1,2,1,14,0,19,1,10,43,0,0.0%,0,0,0,0,0
20150617,46,1,1,2,1,14,0,19,1,10,43,0,0.0%,0,0,0,0,0
20150618,46,1,1,2,1,14,0,19,1,10,43,0,0.0%,0,0,0,0,0
20150619,46,1,1,2,1,14,0,19,1,10,43,0,0.0%,0,0,0,0,0
20150620,46,1,1,2,1,14,0,19,1,10,43,0,0.0%,0,0,0,0,0
20150621,46,1,1,2,1,14,0,19,1,10,43,0,0.0%,0,0,0,0,0
20150622,46,1,1,2,1,14,0,19,1,10,43,0,0.0%,0,0,0,0,0
20150623,46,1,1,2,1,14,0,19,1,10,43,0,0.0%,0,0,0,0,0
20150624,46,1,1,2,1,14,0,19,1,10,43,0,0.0%,0,0,0,0,0
20150625,46,1,1,2,1,14,0,19,1,10,43,0,0.0%,0,0,0,0,0
20150626,46,1,1,2,1,14,0,19,1,10,43,0,0.0%,0,0,0,0,0
20150627,46,1,1,2,1,14,0,19,1,10,43,0,0.0%,0,0,0,0,0
20150628,46,1,1,2,1,14,0,19,1,10,43,0,0.0%,0,0,0,0,0
20150629,46,1,1,2,1,14,0,19,1,10,43,0,0.0%,0,0,0,0,0
20150630,46,1,1,2,1,14,0,19,1,10,43,0,0.0%,0,0,0,0,0
20150701,46,1,1,2,1,14,0,19,1,10,43,0,0.0%,0,0,0,0,0
20150702,46,1,1,2,1,14,0,19,1,10,43,0,0.0%,0,0,0,0,0
20150703,46,1,1,2,1,14,0,19,1,10,43,0,0.0%,0,0,0,0,0
20150704,46,1,1,2,1,14,0,19,1,10,43,0,0.0%,0,0,0,0,0
20150705,46,1,1,2,1,14,0,19,1,10,43,0,0.0%,0,0,0,0,0
20150706,46,1,1,2,1,14,0,19,1,10,43,0,0.0%,0,0,0,0,0
20150707,46,1,1,2,1,14,0,19,1,10,43,0,0.0%,0,0,0,0,0
20150708,46,1,1,2,1,14,0,19,1,10,43,0,0.0%,0,0,0,0,0
20150709,46,1,1,2,1,14,0,19,1,10,43,0,0.0%,0,0,0,0,0
20150710,46,1,1,2,1,14,0,19,1,10,43,0,0.0%,0,0,0,0,0
20150711,46,1,1,2,1,14,0,19,1,10,43,0,0.0%,0,0,0,0,0
20150712,46,1,1,2,1,14,0,19,1,10,43,0,0.0%,0,0,0,0,0
20150713,46,1,1,2,1,14,0,19,1,10,43,0,0.0%,0,0,0,0,0
20151001,46,1,1,2,1,14,0,19,1,10,43,0,0.0%,0,0,0,0,0
20151002,46,1,1,2,1,14,0,19,1,10,43,0,0.0%,0,0,0,0,0
20151002,46,1,1,2,1,14,0,19,1,10,43,0,0.0%,0,0,0,0,0
20151005,46,1,1,2,1,14,0,19,1,10,43,0,0.0%,0,0,0,0,0
20151005,46,1,1,2,1,14,0,19,1,10,43,0,0.0%,0,0,0,0,0
20151006,46,1,1,2,1,14,0,19,1,10,43,0,0.0%,0,0,0,0,0
20151006,46,1,1,2,1,14,0,19,1,10,43,0,0.0%,0,0,0,0,0
20151007,46,1,1,2,1,14,0,19,1,10,43,0,0.0%,0,0,0,0,0
20151008,46,1,1,2,1,14,0,19,1,10,43,0,0.0%,0,0,0,0,0
20151009,46,1,1,2,1,14,0,19,1,10,43,0,0.0%,0,0,0,0,0
20151010,46,1,1,2,1,14,0,19,1,10,43,0,0.0%,0,0,0,0,0
20151013,46,1,1,2,1,14,0,19,1,10,43,0,0.0%,0,0,0,0,0
20151014,46,1,1,2,1,14,0,19,1,10,43,0,0.0%,0,0,0,0,0
20151015,46,1,1,2,1,14,0,19,1,10,43,0,0.0%,0,0,0,0,0
20151016,46,1,1,2,1,14,0,19,1,10,43,0,0.0%,0,0,0,0,0
20151017,46,1,1,2,1,14,0,19,1,10,43,0,0.0%,0,0,0,0,0
20151019,46,1,1,2,1,14,0,19,1,10,43,0,0.0%,0,0,0,0,0
20151020,46,1,1,2,1,14,0,19,1,10,43,0,0.0%,0,0,0,0,0
20151020,46,1,1,2,1,14,0,19,1,10,43,0,0.0%,0,0,0,0,0
20151022,46,1,1,2,1,14,0,19,1,10,43,0,0.0%,0,0,0,0,0
20151023,46,1,1,2,1,14,0,19,1,10,43,0,0.0%,0,0,0,0,0
20151024,46,1,1,2,1,14,0,19,1,10,43,0,0.0%,0,0,0,0,0
20151025,46,1,1,2,1,14,0,19,1,10,43,0,0.0%,0,0,0,0,0
20151026,46,1,1,2,1,14,0,19,1,10,43,0,0.0%,0,0,0,0,0
20151027,46,1,1,2,1,14,0,19,1,10,43,0,0.0%,0,0,0,0,0
20151028,46,1,1,2,1,14,0,19,1,10,43,0,0.0%,0,0,0,0,0
20151029,46,1,1,2,1,14,0,19,1,10,43,0,0.0%,0,0,0,0,0
20151030,46,1,1,2,1,14,0,19,1,10,43,0,0.0%,0,0,0,0,0
20151031,46,1,1,2,1,14,0,19,1,10,43,0,0.0%,0,0,0,0,0
20151101,46,1,1,2,1,14,0,19,1,10,43,0,0.0%,0,0,0,0,0
20151102,46,1,1,2,1,14,0,19,1,10,43,0,0.0%,0,0,0,0,0
20151103,46,1,1,2,1,14,0,19,1,10,43,0,0.0%,0,0,0,0,0
20151104,46,1,1,2,1,14,0,19,1,10,43,0,0.0%,0,0,0,0,0
20151105,46,1,1,2,1,14,0,19,1,10,43,0,0.0%,0,0,0,0,0
20151106,46,1,1,2,1,14,0,19,1,10,43,0,0.0%,0,0,0,0,0
20151107,46,1,1,2,1,14,0,19,1,10,43,0,0.0%,0,0,0,0,0
20151108,46,1,1,2,1,14,0,19,1,10,43,0,0.0%,0,0,0,0,0
20151109,46,1,1,2,1,14,0,19,1,10,43,0,0.0%,0,0,0,0,0
20151110,46,1,1,2,1,14,0,19,1,10,43,0,0.0%,0,0,0,0,0
20151111,46,1,1,2,1,14,0,19,1,10,43,0,0.0%,0,0,0,0,0
20151112,46,1,1,2,1,14,0,19,1,10,43,0,0.0%,0,0,0,0,0
20151113,46,1,1,2,1,14,0,19,1,10,43,0,0.0%,0,0,0,0,0
20151114,46,1,1,2,1,14,0,19,1,10,43,0,0.0%,0,0,0,0,0
20151115,46,1,1,2,1,14,0,19,1,10,43,0,0.0%,0,0,0,0,0
20151116,46,1,1,2,1,14,0,19,1,10,43,0,0.0%,0,0,0,0,0
20151117,46,1,1,2,1,14,0,19,1,10,43,0,0.0%,0,0,0,0,0
20151118,46,1,1,2,1,14,0,19,1,10,43,0,0.0%,0,0,0,0,0
20151119,46,1,1,2,1,14,0,19,1,10,43,0,0.0%,0,0,0,0,0
20151120,46,1,1,2,1,14,0,19,1,10,43,0,0.0%,0,0,0,0,0
20151121,46,1,1,2,1,14,0,19,1,10,43,0,0.0%,0,0,0,0,0
20151122,46,1,1,2,1,14,0,19,1,10,43,0,0.0%,0,0,0,0,0
20151123,46,1,1,2,1,14,0,19,1,10,43,0,0.0%,0,0,0,0,0
20151124,46,1,1,2,1,14,0,19,1,10,43,0,0.0%,0,0,0,0,0
20151125,46,1,1,2,1,14,0,19,1,10,43,0,0.0%,0,0,0,0,0
20151126,46,1,1,2,1,14,0,19,1,10,43,0,0.0%,0,0,0,0,0
20151127,46,1,1,2,1,14,0,19,1,10,43,0,0.0%,0,0,0,0,0
20151128,46,1,1,2,1,14,0,19,1,10,43,0,0.0%,0,0,0,0,0
20151129,46,1,1,2,1,14,0,19,1,10,43,0,0.0%,0,0,0,0,0
20151130,46,1,1,2,1,14,0,19,1,10,43,0,0.0%,0,0,0,0,0
20151201,46,1,1,2,1,14,0,19,1,10,43,0,0.0%,0,0,0,0,0
20151202,46,1,1,2,1,14,0,19,1,10,43,0,0.0%,0,0,0,0,0
20151203,46,1,1,2,1,14,0,19,1,10,43,0,0.0%,0,0,0,0,0
20151204,46,1,1,2,1,14,0,19,1,10,43,0,0.0%,0,0,0,0,0
20151205,46,1,1,2,1,14,0,19,1,10,43,0,0.0%,0,0,0,0,0
20151206,46,1,1,2,1,14,0,19,1,10,43,0,0.0%,0,0,0,0,0
20151207,46,1,1,2,1,14,0,19,1,10,43,0,0.0%,0,0,0,0,0
20151208,46,1,1,2,1,14,0,19,1,10,43,0,0.0%,0,0,0,0,0
20151209,46,1,1,2,1,14,0,19,1,10,43,0,0.0%,0,0,0,0,0
20151210,46,1,1,2,1,14,0,19,1,10,43,0,0.0%,0,0,0,0,0
20151211,46,1,1,2,1,14,0,19,1,10,43,0,0.0%,0,0,0,0,0
20151212,46,1,1,2,1,14,0,19,1,10,43,0,0.0%,0,0,0,0,0
20151213,46,1,1,2,1,14,0,19,1,10,43,0,0.0%,0,0,0,0,0
20151214,46,1,1,2,1,14,0,19,1,10,43,0,0.0%,0,0,0,0,0
20151215,46,1,1,2,1,14,0,19,1,10,43,0,0.0%,0,0,0,0,0
20151216,46,1,1,2,1,14,0,19,1,10,43,0,0.0%,0,0,0,0,0
20151216,46,1,1,2,1,14,0,19,1,10,43,0,0.0%,0,0,0,0,0
20151217,46,1,1,2,1,14,0,19,1,10,43,0,0.0%,0,0,0,0,0
20151218,46,1,1,2,1,14,0,19,1,10,43,0,0.0%,0,0,0,0,0
20151219,46,1,1,2,1,14,0,19,1,10,43,0,0.0%,0,0,0,0,0
20151220,46,1,1,2,1,14,0,19,1,10,43,0,0.0%,0,0,0,0,0
20151221,46,1,1,2,1,14,0,19,1,10,43,0,0.0%,0,0,0,0,0
20151222,46,1,1,2,1,14,0,19,1,10,43,0,0.0%,0,0,0,0,0
20151223,46,1,1,2,1,14,0,19,1,10,43,0,0.0%,0,0,0,0,0
20151224,46,1,1,2,1,14,0,19,1,10,43,0,0.0%,0,0,0,0,0
20151225,46,1,1,2,1,14,0,19,1,10,43,0,0.0%,0,0,0,0,0
20151226,46,1,1,2,1,14,0,19,1,10,43,0,0.0%,0,0,0,0,0
20151227,46,1,1,2,1,14,0,19,1,10,43,0,0.0%,0,0,0,0,0
20151228,46,1,1,2,1,14,0,19,1,10,43,0,0.0%,0,0,0,0,0
20151229,46,1,1,2,1,14,0,19,1,10,43,0,0.0%,0,0,0,0,0
20151230,46,1,1,2,1,14,0,19,1,10,43,0,0.0%,0,0,0,0,0
20151231,46,1,1,2,1,14,0,19,1,10,43,0,0.0%,0,0,0,0,0
20160101,46,1,1,2,1,14,0,19,1,10,43,0,0.0%,0,0,0,0,0
20160102,46,1,1,2,1,14,0,19,1,10,43,0,0.0%,0,0,0,0,0
20160103,46,1,1,2,1,14,0,19,1,10,43,0,0.0%,0,0,0,0,0
20160104,46,1,1,2,1,14,0,19,1,10,43,0,0.0%,0,0,0,0,0
20160105,46,1,1,2,1,14,0,19,1,10,43,0,0.0%,0,0,0,0,0
20160106,46,1,1,2,1,14,0,19,1,10,43,0,0.0%,0,0,0,0,0
20160107,46,1,1,2,1,14,0,19,1,10,43,0,0.0%,0,0,0,0,0
20160108,46,1,1,2,1,14,0,19,1,10,43,0,0.0%,0,0,0,0,0
20160109,46,1,1,2,1,14,0,19,1,10,43,0,0.0%,0,0,0,0,0
20160110,46,1,1,2,1,14,0,19,1,10,43,0,0.0%,0,0,0,0,0
20160111,46,1,1,2,1,14,0,19,1,10,43,0,0.0%,0,0,0,0,0
20160112,46,1,1,2,1,14,0,19,1,10,43,0,0.0%,0,0,0,0,0
20160113,46,1,1,2,1,14,0,19,1,10,43,0,0.0%,0,0,0,0,0
20160114,46,1,1,2,1,14,0,19,1,10,43,0,0.0%,0,0,0,0,0
20160115,46,1,1,2,1,14,0,19,1,10,43,0,0.0%,0,0,0,0,0
20160116,46,1,1,2,1,14,0,19,1,10,43,0,0.0%,0,0,0,0,0
20160117,46,1,1,2,1,14,0,19,1,10,43,0,0.0%,0,0,0,0,0
20160118,46,1,1,2,1,14,0,19,1,10,43,0,0.0%,0,0,0,0,0
20160119,46,1,1,2,1,14,0,19,1,10,43,0,0.0%,0,0,0,0,0
20160120,46,1,1,2,1,14,0,19,1,10,43,0,0.0%,0,0,0,0,0
20160121,46,1,1,2,1,14,0,19,1,10,43,0,0.0%,0,0,0,0,0
20160122,46,1,1,2,1,14,0,19,1,10,43,0,0.0%,0,0,0,0,0
20160123,46,1,1,2,1,14,0,19,1,10,43,0,0.0%,0,0,0,0,0
20160124,46,1,1,2,1,14,0,19,1,10,43,0,0.0%,0,0,0,0,0
20160126,46,1,1,2,1,14,0,19,1,10,43,0,0.0%,0,0,0,0,0
20160127,46,1,1,2,1,14,0,19,1,10,43,0,0.0%,0,0,0,0,0
20160128,46,1,1,2,1,14,0,19,1,10,43,0,0.0%,0,0,0,0,0
20160129,46,1,1,2,1,14,0,19,1,10,43,0,0.0%,0,0,0,0,0
20160130,46,1,1,2,1,14,0,19,1,10,43,0,0.0%,0,0,0,0,0
20160131,46,1,1,2,1,14,0,19,1,10,43,0,0.0%,0,0,0,0,0
20160201,46,1,1,2,1,14,0,19,1,10,43,0,0.0%,0,0,0,0,0
20160202,46,1,1,2,1,14,0,19,1,10,43,0,0.0%,0,0,0,0,0
20160203,46,1,1,2,1,14,0,19,1,10,43,0,0.0%,0,0,0,0,0
20160204,46,1,1,2,1,14,0,19,1,10,43,0,0.0%,0,0,0,0,0
20160205,46,1,1,2,1,14,0,19,1,10,43,0,0.0%,0,0,0,0,0
20160206,46,1,1,2,1,14,0,19,1,10,43,0,0.0%,0,0,0,0,0
20160207,46,1,1,2,1,14,0,19,1,10,43,0,0.0%,0,0,0,0,0
20160208,46,1,1,2,1,14,0,19,1,10,43,0,0.0%,0,0,0,0,0
20160209,46,1,1,2,1,14,0,19,1,10,43,0,0.0%,0,0,0,0,0
20160210,46,1,1,2,1,14,0,19,1,10,43,0,0.0%,0,0,0,0,0
20160211,46,1,1,2,1,14,0,19,1,10,43,0,0.0%,0,0,0,0,0
20160212,46,1,1,2,1,14,0,19,1,10,43,0,0.0%,0,0,0,0,0
20160213,46,1,1,2,1,14,0,19,1,10,43,0,0.0%,0,0,0,0,0
20160214,46,1,1,2,1,14,0,19,1,10,43,0,0.0%,0,0,0,0,0
20160215,46,1,1,2,1,14,0,19,1,10,43,0,0.0%,0,0,0,0,0
20160216,46,1,1,2,1,14,0,19,1,10,43,0,0.0%,0,0,0,0,0
20160217,46,1,1,2,1,14,0,19,1,10,43,0,0.0%,0,0,0,0,0
20160312,46,1,1,2,1,14,0,19,1,10,43,0,0.0%,0,0,0,0,0
20160313,46,1,1,2,1,14,0,19,1,10,43,0,0.0%,0,0,0,0,0
20160314,46,1,1,2,1,14,0,19,1,10,43,0,0.0%,0,0,0,0,0
20160315,46,1,1,2,1,14,0,19,1,10,43,0,0.0%,0,0,0,0,0
20160316,46,1,1,2,1,14,0,19,1,10,43,0,0.0%,0,0,0,0,0
20160317,46,1,1,2,1,14,0,19,1,10,43,0,0.0%,0,0,0,0,0
20160318,46,1,1,2,1,14,0,19,1,10,43,0,0.0%,0,0,0,0,0
20160319,46,1,1,2,1,14,0,19,1,10,43,0,0.0%,0,0,0,0,0
20160320,46,1,1,2,1,14,0,19,1,10,43,0,0.0%,0,0,0,0,0
20160321,46,1,1,2,1,14,0,19,1,10,43,0,0.0%,0,0,0,0,0
20160322,46,1,1,2,1,14,0,19,1,10,43,0,0.0%,0,0,0,0,0
20160323,46,1,1,2,1,14,0,19,1,10,43,0,0.0%,0,0,0,0,0
20160324,46,1,1,2,1,14,0,19,1,10,43,0,0.0%,0,0,0,0,0
20160325,46,1,1,2,1,14,0,19,1,10,43,0,0.0%,0,0,0,0,0
20160326,46,1,1,2,1,14,0,19,1,10,43,0,0.0%,0,0,0,0,0
20160327,46,1,1,2,1,14,0,19,1,10,43,0,0.0%,0,0,0,0,0
20160328,46,1,1,2,1,14,0,19,1,10,43,0,0.0%,0,0,0,0,0
20160329,46,1,1,2,1,14,0,19,1,10,43,0,0.0%,0,0,0,0,0
20160330,46,1,1,2,1,14,0,19,1,10,43,0,0.0%,0,0,0,0,0
20160331,46,1,1,2,1,14,0,19,1,10,43,0,0.0%,0,0,0,0,0
20160401,46,1,1,2,1,14,0,19,1,10,43,0,0.0%,0,0,0,0,0
20160402,46,1,1,2,1,14,0,19,1,10,43,0,0.0%,0,0,0,0,0
20160403,46,1,1,2,1,14,0,19,1,10,43,0,0.0%,0,0,0,0,0
20160404,46,1,1,2,1,14,0,19,1,10,43,0,0.0%,0,0,0,0,0
20160405,46,1,1,2,1,14,0,19,1,10,43,0,0.0%,0,0,0,0,0
20160406,46,1,1,2,1,14,0,19,1,10,43,0,0.0%,0,0,0,0,0
20160407,46,1,1,2,1,14,0,19,1,10,43,0,0.0%,0,0,0,0,0
20160408,46,1,1,2,1,14,0,19,1,10,43,0,0.0%,0,0,0,0,0
20160409,46,1,1,2,1,14,0,19,1,10,43,0,0.0%,0,0,0,0,0
20160410,46,1,1,2,1,14,0,19,1,10,43,0,0.0%,0,0,0,0,0
20160411,46,1,1,2,1,14,0,19,1,10,43,0,0.0%,0,0,0,0,0
20160412,46,1,1,2,1,14,0,19,1,10,43,0,0.0%,0,0,0,0,0
20160413,46,1,1,2,1,14,0,19,1,10,43,0,0.0%,0,0,0,0,0
20160414,46,1,1,2,1,14,0,19,1,10,43,0,0.0%,0,0,0,0,0
20160415,46,1,1,2,1,14,0,19,1,10,43,0,0.0%,0,0,0,0,0
20160416,46,1,1,2,1,14,0,19,1,10,43,0,0.0%,0,0,0,0,0
20160417,46,1,1,2,1,14,0,19,1,10,43,0,0.0%,0,0,0,0,0
20160418,46,1,1,2,1,14,0,19,1,10,43,0,0.0%,0,0,0,0,0
20160419,46,1,1,2,1,14,0,19,1,10,43,0,0.0%,0,0,0,0,0
20160420,46,1,1,2,1,14,0,19,1,10,43,0,0.0%,0,0,0,0,0
20160421,46,1,1,2,1,14,0,19,1,10,43,0,0.0%,0,0,0,0,0
20160422,46,1,1,2,1,14,0,19,1,10,43,0,0.0%,0,0,0,0,0
20160423,46,1,1,2,1,14,0,19,1,10,43,0,0.0%,0,0,0,0,0
20160424,46,1,1,2,1,14,0,19,1,10,43,0,0.0%,0,0,0,0,0
20160425,46,1,1,2,1,14,0,19,1,10,43,0,0.0%,0,0,0,0,0
20160426,46,1,1,2,1,14,0,19,1,10,43,0,0.0%,0,0,0,0,0
20160427,46,1,1,2,1,14,0,19,1,10,43,0,0.0%,0,0,0,0,0
20160428,46,1,1,2,1,14,0,19,1,10,43,0,0.0%,0,0,0,0,0
20160429,46,1,1,2,1,14,0,19,1,10,43,0,0.0%,0,0,0,0,0
20160430,46,1,1,2,1,14,0,19,1,10,43,0,0.0%,0,0,0,0,0
20160501,46,1,1,2,1,14,0,19,1,10,43,0,0.0%,0,0,0,0,0
20160502,46,1,1,2,1,14,0,19,1,10,43,0,0.0%,0,0,0,0,0
20160503,46,1,1,2,1,14,0,19,1,10,43,0,0.0%,0,0,0,0,0
20160504,46,1,1,2,1,14,0,19,1,10,43,0,0.0%,0,0,0,0,0
20160505,46,1,1,2,1,14,0,19,1,10,43,0,0.0%,0,0,0,0,0
20160506,46,1,1,2,1,14,0,19,1,10,43,0,0.0%,0,0,0,0,0
20160507,46,1,1,2,1,14,0,19,1,10,43,0,0.0%,0,0,0,0,0
20160508,46,1,1,2,1,14,0,19,1,10,43,0,0.0%,0,0,0,0,0
20160509,46,1,1,2,1,14,0,19,1,10,43,0,0.0%,0,0,0,0,0
20160510,46,1,1,2,1,14,0,19,1,10,43,0,0.0%,0,0,0,0,0
20160511,46,1,1,2,1,14,0,19,1,10,43,0,0.0%,0,0,0,0,0
20160512,46,1,1,2,1,14,0,19,1,10,43,0,0.0%,0,0,0,0,0
20160513,46,1,1,2,1,14,0,19,1,10,43,0,0.0%,0,0,0,0,0
20160514,46,1,1,2,1,14,0,19,1,10,43,0,0.0%,0,0,0,0,0
20160515,46,1,1,2,1,14,0,19,1,10,43,0,0.0%,0,0,0,0,0
20160516,46,1,1,2,1,14,0,19,1,10,43,0,0.0%,0,0,0,0,0
20160517,46,1,1,2,1,14,0,19,1,10,43,0,0.0%,0,0,0,0,0
20160518,46,1,1,2,1,14,0,19,1,10,43,0,0.0%,0,0,0,0,0
20160519,46,1,1,2,1,14,0,19,1,10,43,0,0.0%,0,0,0,0,0
20160520,46,1,1,2,1,14,0,19,1,10,43,0,0.0%,0,0,0,0,0
20160521,46,1,1,2,1,14,0,19,1,10,43,0,0.0%,0,0,0,0,0
20160522,46,1,1,2,1,14,0,19,1,10,43,0,0.0%,0,0,0,0,0
20160523,46,1,1,2,1,14,0,19,1,10,43,0,0.0%,0,0,0,0,0
20160524,46,1,1,2,1,14,0,19,1,10,43,0,0.0%,0,0,0,0,0
20160525,46,1,1,2,1,14,0,19,1,10,43,0,0.0%,0,0,0,0,0
20160526,46,1,1,2,1,14,0,19,1,10,43,0,0.0%,0,0,0,0,0
20160527,46,1,1,2,1,14,0,19,1,10,43,0,0.0%,0,0,0,0,0
20160528,46,1,1,2,1,14,0,19,1,10,43,0,0.0%,0,0,0,0,0
20160529,46,1,1,2,1,14,0,19,1,10,43,0,0.0%,0,0,0,0,0
20160530,46,1,1,2,1,14,0,19,1,10,43,0,0.0%,0,0,0,0,0
20160531,46,1,1,2,1,14,0,19,1,10,43,0,0.0%,0,0,0,0,0
20160601,46,1,1,2,1,14,0,19,1,10,43,0,0.0%,0,0,0,0,0
20160602,46,1,1,2,1,14,0,19,1,10,43,0,0.0%,0,0,0,0,0
20160603,46,1,1,2,1,14,0,19,1,10,43,0,0.0%,0,0,0,0,0
20160604,46,1,1,2,1,14,0,19,1,10,43,0,0.0%,0,0,0,0,0
20160605,46,1,1,2,1,14,0,19,1,10,43,0,0.0%,0,0,0,0,0
20160606,46,1,1,2,1,14,0,19,1,10,43,0,0.0%,0,0,0,0,0
20160607,46,1,1,2,1,14,0,19,1,10,43,0,0.0%,0,0,0,0,0
20160608,46,1,1,2,1,14,0,19,1,10,43,0,0.0%,0,0,0,0,0
20160609,46,1,1,2,1,14,0,19,1,10,43,0,0.0%,0,0,0,0,0
20160610,46,1,1,2,1,14,0,19,1,10,43,0,0.0%,0,0,0,0,0
20160611,46,1,1,2,1,14,0,19,1,10,43,0,0.0%,0,0,0,0,0
20160612,46,1,1,2,1,14,0,19,1,10,43,0,0.0%,0,0,0,0,0
20160613,46,1,1,2,1,14,0,19,1,10,43,0,0.0%,0,0,0,0,0
20160614,46,1,1,2,1,14,0,19,1,10,43,0,0.0%,0,0,0,0,0
20160615,46,1,1,2,1,14,0,19,1,10,43,0,0.0%,0,0,0,0,0
20160616,46,1,1,2,1,14,0,19,1,10,43,0,0.0%,0,0,0,0,0
20160617,46,1,1,2,1,14,0,19,1,10,43,0,0.0%,0,0,0,0,0
20160618,46,1,1,2,1,14,0,19,1,10,43,0,0.0%,0,0,0,0,0
20160619,46,1,1,2,1,14,0,19,1,10,43,0,0.0%,0,0,0,0,0
20160620,46,1,1,2,1,14,0,19,1,10,43,0,0.0%,0,0,0,0,0
20160621,46,1,1,2,1,14,0,19,1,10,43,0,0.0%,0,0,0,0,0
20160622,46,1,1,2,1,14,0,19,1,10,43,0,0.0%,0,0,0,0,0
20160623,46,1,1,2,1,14,0,19,1,10,43,0,0.0%,0,0,0,0,0
20160624,46,1,1,2,1,14,0,19,1,10,43,0,0.0%,0,0,0,0,0
20160625,46,1,1,2,1,14,0,19,1,10,43,0,0.0%,0,0,0,0,0
20160626,46,1,1,2,1,14,0,19,1,10,43,0,0.0%,0,0,0,0,0
20160627,46,1,1,2,1,14,0,19,1,10,43,0,0.0%,0,0,0,0,0
20160628,46,1,1,2,1,14,0,19,1,10,43,0,0.0%,0,0,0,0,0
20160629,46,1,1,2,1,14,0,19,1,10,43,0,0.0%,0,0,0,0,0
20160630,46,1,1,2,1,14,0,19,1,10,43,0,0.0%,0,0,0,0,0
20160701,46,1,1,2,1,14,0,19,1,10,43,0,0.0%,0,0,0,0,0
20160702,46,1,1,2,1,14,0,19,1,10,43,0,0.0%,0,0,0,0,0
20160703,46,1,1,2,1,14,0,19,1,10,43,0,0.0%,0,0,0,0,0
20160704,46,1,1,2,1,14,0,19,1,10,43,0,0.0%,0,0,0,0,0
20160705,46,1,1,2,1,14,0,19,1,10,43,0,0.0%,0,0,0,0,0
20160706,46,1,1,2,1,14,0,19,1,10,43,0,0.0%,0,0,0,0,0
20160707,46,1,1,2,1,14,0,19,1,10,43,0,0.0%,0,0,0,0,0
20160708,46,1,1,2,1,14,0,19,1,10,43,0,0.0%,0,0,0,0,0
20160709,46,1,1,2,1,14,0,19,1,10,43,0,0.0%,0,0,0,0,0
20160710,46,1,1,2,1,14,0,19,1,10,43,0,0.0%,0,0,0,0,0
20160711,46,1,1,2,1,14,0,19,1,10,43,0,0.0%,0,0,0,0,0
20160712,46,1,1,2,1,14,0,19,1,10,43,0,0.0%,0,0,0,0,0
20160713,46,1,1,2,1,14,0,19,1,10,43,0,0.0%,0,0,0,0,0
20160714,46,1,1,2,1,14,0,19,1,10,43,0,0.0%,0,0,0,0,0
20160715,46,1,1,2,1,14,0,19,1,10,43,0,0.0%,0,0,0,0,0
20160716,46,1,1,2,1,14,0,19,1,10,43,0,0.0%,0,0,0,0,0
20160717,46,1,1,2,1,14,0,19,1,10,43,0,0.0%,0,0,0,0,0
20160718,46,1,1,2,1,14,0,19,1,10,43,0,0.0%,0,0,0,0,0
20160719,46,1,1,2,1,14,0,19,1,10,43,0,0.0%,0,0,0,0,0
20160720,46,1,1,2,1,14,0,19,1,10,43,0,0.0%,0,0,0,0,0
20160721,46,1,1,2,1,14,0,19,1,10,43,0,0.0%,0,0,0,0,0
20160722,46,1,1,2,1,14,0,19,1,10,43,0,0.0%,0,0,0,0,0
20160723,46,1,1,2,1,14,0,19,1,10,43,0,0.0%,0,0,0,0,0
20160724,46,1,1,2,1,14,0,19,1,10,43,0,0.0%,0,0,0,0,0
20160725,46,1,1,2,1,14,0,19,1,10,43,0,0.0%,0,0,0,0,0
20160726,46,1,1,2,1,14,0,19,1,10,43,0,0.0%,0,0,0,0,0
20160727,46,1,1,2,1,14,0,19,1,10,43,0,0.0%,0,0,0,0,0
20160728,46,1,1,2,1,14,0,19,1,10,43,0,0.0%,0,0,0,0,0
20160729,46,1,1,2,1,14,0,19,1,10,43,0,0.0%,0,0,0,0,0
20160730,46,1,1,2,1,14,0,19,1,10,43,0,0.0%,0,0,0,0,0
20160731,46,1,1,2,1,14,0,19,1,10,43,0,0.0%,0,0,0,0,0
20160801,46,1,1,2,1,14,0,19,1,10,43,0,0.0%,0,0,0,0,0
20160802,46,1,1,2,1,14,0,19,1,10,43,0,0.0%,0,0,0,0,0
20160803,46,1,1,2,1,14,0,19,1,10,43,0,0.0%,0,0,0,0,0
20160804,46,1,1,2,1,14,0,19,1,10,43,0,0.0%,0,0,0,0,0
20160805,46,1,1,2,1,14,0,19,1,10,43,0,0.0%,0,0,0,0,0
20160806,46,1,1,2,1,14,0,19,1,10,43,0,0.0%,0,0,0,0,0
20160807,46,1,1,2,1,14,0,19,1,10,43,0,0.0%,0,0,0,0,0
20160808,46,1,1,2,1,14,0,19,1,10,43,0,0.0%,0,0,0,0,0
20160809,46,1,1,2,1,14,0,19,1,10,43,0,0.0%,0,0,0,0,0
20160810,46,1,1,2,1,14,0,19,1,10,43,0,0.0%,0,0,0,0,0
20160811,46,1,1,2,1,14,0,19,1,10,43,0,0.0%,0,0,0,0,0
20160812,46,1,1,2,1,14,0,19,1,10,43,0,0.0%,0,0,0,0,0
20160813,46,1,1,2,1,14,0,19,1,10,43,0,0.0%,0,0,0,0,0
20160814,46,1,1,2,1,14,0,19,1,10,43,0,0.0%,0,0,0,0,0
20160815,46,1,1,2,1,14,0,19,1,10,43,0,0.0%,0,0,0,0,0
20160816,46,1,1,2,1,14,0,19,1,10,43,0,0.0%,0,0,0,0,0
20160817,46,1,1,2,1,14,0,19,1,10,43,0,0.0%,0,0,0,0,0
20160818,46,1,1,2,1,14,0,19,1,10,43,0,0.0%,0,0,0,0,0
20160819,46,1,1,2,1,14,0,19,1,10,43,0,0.0%,0,0,0,0,0
20160820,46,1,1,2,1,14,0,19,1,10,43,0,0.0%,0,0,0,0,0
20160821,46,1,1,2,1,14,0,19,1,10,43,0,0.0%,0,0,0,0,0
20160822,46,1,1,2,1,14,0,19,1,10,43,0,0.0%,0,0,0,0,0
20160823,46,1,1,2,1,14,0,19,1,10,43,0,0.0%,0,0,0,0,0
20160824,46,1,1,2,1,14,0,19,1,10,43,0,0.0%,0,0,0,0,0
20160825,46,1,1,2,1,14,0,19,1,10,43,0,0.0%,0,0,0,0,0
20160826,46,1,1,2,1,14,0,19,1,10,43,0,0.0%,0,0,0,0,0
20160827,46,1,1,2,1,14,0,19,1,10,43,0,0.0%,0,0,0,0,0
20160828,46,1,1,2,1,14,0,19,1,10,43,0,0.0%,0,0,0,0,0
20160829,46,1,1,2,1,14,0,19,1,10,43,0,0.0%,0,0,0,0,0
20160830,46,1,1,2,1,14,0,19,1,10,43,0,0.0%,0,0,0,0,0
20160831,46,1,1,2,1,14,0,19,1,10,43,0,0.0%,0,0,0,0,0
20160901,46,1,1,2,1,14,0,19,1,10,43,0,0.0%,0,0,0,0,0
20160902,46,1,1,2,1,14,0,19,1,10,43,0,0.0%,0,0,0,0,0
20160903,46,1,1,2,1,14,0,19,1,10,43,0,0.0%,0,0,0,0,0
20160904,46,1,1,2,1,14,0,19,1,10,43,0,0.0%,0,0,0,0,0
20160905,46,1,1,2,1,14,0,19,1,10,43,0,0.0%,0,0,0,0,0
20160906,46,1,1,2,1,14,0,19,1,10,43,0,0.0%,0,0,0,0,0
20160907,46,1,1,2,1,14,0,19,1,10,43,0,0.0%,0,0,0,0,0
20160908,46,1,1,2,1,14,0,19,1,10,43,0,0.0%,0,0,0,0,0
20160909,46,1,1,2,1,14,0,19,1,10,43,0,0.0%,0,0,0,0,0
20160910,46,1,1,2,1,14,0,19,1,10,43,0,0.0%,0,0,0,0,0
20160911,46,1,1,2,1,14,0,19,1,10,43,0,0.0%,0,0,0,0,0
20160912,46,1,1,2,1,14,0,19,1,10,43,0,0.0%,0,0,0,0,0
20160913,46,1,1,2,1,14,0,19,1,10,43,0,0.0%,0,0,0,0,0
20160914,46,1,1,2,1,14,0,19,1,10,43,0,0.0%,0,0,0,0,0
20160915,46,1,1,2,1,14,0,19,1,10,43,0,0.0%,0,0,0,0,0
20160916,46,1,1,2,1,14,0,19,1,10,43,0,0.0%,0,0,0,0,0
20160917,46,1,1,2,1,14,0,19,1,10,43,0,0.0%,0,0,0,0,0
20160918,46,1,1,2,1,14,0,19,1,10,43,0,0.0%,0,0,0,0,0
20160919,46,1,1,2,1,14,0,19,1,10,43,0,0.0%,0,0,0,0,0
20160920,46,1,1,2,1,14,0,19,1,10,43,0,0.0%,0,0,0,0,0
20160921,46,1,1,2,1,14,0,19,1,10,43,0,0.0%,0,0,0,0,0
20160922,46,1,1,2,1,14,0,19,1,10,43,0,0.0%,0,0,0,0,0
20160923,46,1,1,2,1,14,0,19,1,10,43,0,0.0%,0,0,0,0,0
20160924,46,1,1,2,1,14,0,19,1,10,43,0,0.0%,0,0,0,0,0
20160925,46,1,1,2,1,14,0,19,1,10,43,0,0.0%,0,0,0,0,0
20160926,46,1,1,2,1,14,0,19,1,10,43,0,0.0%,0,0,0,0,0
20160927,46,1,1,2,1,14,0,19,1,10,43,0,0.0%,0,0,0,0,0
20160928,46,1,1,2,1,14,0,19,1,10,43,0,0.0%,0,0,0,0,0
20160929,46,1,1,2,1,14,0,19,1,10,43,0,0.0%,0,0,0,0,0
20160930,46,1,1,2,1,14,0,19,1,10,43,0,0.0%,0,0,0,0,0
20161001,46,1,1,2,1,14,0,19,1,10,43,0,0.0%,0,0,0,0,0
20161002,46,1,1,2,1,14,0,19,1,10,43,0,0.0%,0,0,0,0,0
20161003,46,1,1,2,1,14,0,19,1,10,43,0,0.0%,0,0,0,0,0
20161004,46,1,1,2,1,14,0,19,1,10,43,0,0.0%,0,0,0,0,0
20161005,46,1,1,2,1,14,0,19,1,10,43,0,0.0%,0,0,0,0,0
20161006,46,1,1,2,1,14,0,19,1,10,43,0,0.0%,0,0,0,0,0
20161007,46,1,1,2,1,14,0,19,1,10,43,0,0.0%,0,0,0,0,0
20161008,46,1,1,2,1,14,0,19,1,10,43,0,0.0%,0,0,0,0,0
20161009,46,1,1,2,1,14,0,19,1,10,43,0,0.0%,0,0,0,0,0
20161010,46,1,1,2,1,14,0,19,1,10,43,0,0.0%,0,0,0,0,0
20161011,46,1,1,2,1,14,0,19,1,10,43,0,0.0%,0,0,0,0,0
20161012,46,1,1,2,1,14,0,19,1,10,43,0,0.0%,0,0,0,0,0
20161013,46,1,1,2,1,14,0,19,1,10,43,0,0.0%,0,0,0,0,0
20161014,46,1,1,2,1,14,0,19,1,10,43,0,0.0%,0,0,0,0,0
20161015,46,1,1,2,1,14,0,19,1,10,43,0,0.0%,0,0,0,0,0
20161016,46,1,1,2,1,14,0,19,1,10,43,0,0.0%,0,0,0,0,0
20161017,46,1,1,2,1,14,0,19,1,10,43,0,0.0%,0,0,0,0,0
20161018,46,1,1,2,1,14,0,19,1,10,43,0,0.0%,0,0,0,0,0
20161019,46,1,1,2,1,14,0,19,1,10,43,0,0.0%,0,0,0,0,0
20161020,46,1,1,2,1,14,0,19,1,10,43,0,0.0%,0,0,0,0,0
20161021,46,1,1,2,1,14,0,19,1,10,43,0,0.0%,0,0,0,0,0
20161022,46,1,1,2,1,14,0,19,1,10,43,0,0.0%,0,0,0,0,0
20161023,46,1,1,2,1,14,0,19,1,10,43,0,0.0%,0,0,0,0,0
20161024,46,1,1,2,1,14,0,19,1,10,43,0,0.0%,0,0,0,0,0
20161025,46,1,1,2,1,14,0,19,1,10,43,0,0.0%,0,0,0,0,0
20161026,46,1,1,2,1,14,0,19,1,10,43,0,0.0%,0,0,0,0,0
20161027,46,1,1,2,1,14,0,19,1,10,43,0,0.0%,0,0,0,0,0
20161028,46,1,1,2,1,14,0,19,1,10,43,0,0.0%,0,0,0,0,0
20161029,46,1,1,2,1,14,0,19,1,10,43,0,0.0%,0,0,0,0,0
20161030,46,1,1,2,1,14,0,19,1,10,43,0,0.0%,0,0,0,0,0
20161031,46,1,1,2,1,14,0,19,1,10,43,0,0.0%,0,0,0,0,0
20161101,46,1,1,2,1,14,0,19,1,10,43,0,0.0%,0,0,0,0,0
20161102,46,1,1,2,1,14,0,19,1,10,43,0,0.0%,0,0,0,0,0
20161103,46,1,1,2,1,14,0,19,1,10,43,0,0.0%,0,0,0,0,0
20161104,46,1,1,2,1,14,0,19,1,10,43,0,0.0%,0,0,0,0,0
20161105,46,1,1,2,1,14,0,19,1,10,43,0,0.0%,0,0,0,0,0
20161106,46,1,1,2,1,14,0,19,1,10,43,0,0.0%,0,0,0,0,0
20161107,46,1,1,2,1,14,0,19,1,10,43,0,0.0%,0,0,0,0,0
20161108,46,1,1,2,1,14,0,19,1,10,43,0,0.0%,0,0,0,0,0
20161109,46,1,1,2,1,14,0,19,1,10,43,0,0.0%,0,0,0,0,0
20161110,46,1,1,2,1,14,0,19,1,10,43,0,0.0%,0,0,0,0,0
20161111,46,1,1,2,1,14,0,19,1,10,43,0,0.0%,0,0,0,0,0
20161112,46,1,1,2,1,14,0,19,1,10,43,0,0.0%,0,0,0,0,0
20161113,46,1,1,2,1,14,0,19,1,10,43,0,0.0%,0,0,0,0,0
20161114,46,1,1,2,1,14,0,19,1,10,43,0,0.0%,0,0,0,0,0
20161115,46,1,1,2,1,14,0,19,1,10,43,0,0.0%,0,0,0,0,0
20161116,46,1,1,2,1,14,0,19,1,10,43,0,0.0%,0,0,0,0,0
20161117,46,1,1,2,1,14,0,19,1,10,43,0,0.0%,0,0,0,0,0
20161118,46,1,1,2,1,14,0,19,1,10,43,0,0.0%,0,0,0,0,0
20161119,46,1,1,2,1,14,0,19,1,10,43,0,0.0%,0,0,0,0,0
20161120,46,1,1,2,1,14,0,19,1,10,43,0,0.0%,0,0,0,0,0
20161121,46,1,1,2,1,14,0,19,1,10,43,0,0.0%,0,0,0,0,0
20161122,46,1,1,2,1,14,0,19,1,10,43,0,0.0%,0,0,0,0,0
20161123,46,1,1,2,1,14,0,19,1,10,43,0,0.0%,0,0,0,0,0
20161124,46,1,1,2,1,14,0,19,1,10,43,0,0.0%,0,0,0,0,0
20161125,46,1,1,2,1,14,0,19,1,10,43,0,0.0%,0,0,0,0,0
20161126,46,1,1,2,1,14,0,19,1,10,43,0,0.0%,0,0,0,0,0
20161127,46,1,1,2,1,14,0,19,1,10,43,0,0.0%,0,0,0,0,0
20161128,46,1,1,2,1,14,0,19,1,10,43,0,0.0%,0,0,0,0,0
20161129,46,1,1,2,1,14,0,19,1,10,43,0,0.0%,0,0,0,0,0
20161130,46,1,1,2,1,14,0,19,1,10,43,0,0.0%,0,0,0,0,0
20161201,46,1,1,2,1,14,0,19,1,10,43,0,0.0%,0,0,0,0,0
20161202,46,1,1,2,1,14,0,19,1,10,43,0,0.0%,0,0,0,0,0
20161203,46,1,1,2,1,14,0,19,1,10,43,0,0.0%,0,0,0,0,0
20161204,46,1,1,2,1,14,0,19,1,10,43,0,0.0%,0,0,0,0,0
20161205,46,1,1,2,1,14,0,19,1,10,43,0,0.0%,0,0,0,0,0
20161206,46,1,1,2,1,14,0,19,1,10,43,0,0.0%,0,0,0,0,0
20161207,46,1,1,2,1,14,0,19,1,10,43,0,0.0%,0,0,0,0,0
20161208,46,1,1,2,1,14,0,19,1,10,43,0,0.0%,0,0,0,0,0
20161209,46,1,1,2,1,14,0,19,1,10,43,0,0.0%,0,0,0,0,0
20161210,46,1,1,2,1,14,0,19,1,10,43,0,0.0%,0,0,0,0,0
20161211,46,1,1,2,1,14,0,19,1,10,43,0,0.0%,0,0,0,0,0
20161212,46,1,1,2,1,14,0,19,1,10,43,0,0.0%,0,0,0,0,0
20161213,46,1,1,2,1,14,0,19,1,10,43,0,0.0%,0,0,0,0,0
20161214,46,1,1,2,1,14,0,19,1,10,43,0,0.0%,0,0,0,0,0
20161215,46,1,1,2,1,14,0,19,1,10,43,0,0.0%,0,0,0,0,0
20161216,46,1,1,2,1,14,0,19,1,10,43,0,0.0%,0,0,0,0,0
20161217,46,1,1,2,1,14,0,19,1,10,43,0,0.0%,0,0,0,0,0
20161218,46,1,1,2,1,14,0,19,1,10,43,0,0.0%,0,0,0,0,0
20161219,46,1,1,2,1,14,0,19,1,10,43,0,0.0%,0,0,0,0,0
20161220,46,1,1,2,1,14,0,19,1,10,43,0,0.0%,0,0,0,0,0
20161221,46,1,1,2,1,14,0,19,1,10,43,0,0.0%,0,0,0,0,0
20161222,46,1,1,2,1,14,0,19,1,10,43,0,0.0%,0,0,0,0,0
20161223,46,1,1,2,1,14,0,19,1,10,43,0,0.0%,0,0,0,0,0
20161224,46,1,1,2,1,14,0,19,1,10,43,0,0.0%,0,0,0,0,0
20161225,46,1,1,2,1,14,0,19,1,10,43,0,0.0%,0,0,0,0,0
20161226,46,1,1,2,1,14,0,19,1,10,43,0,0.0%,0,0,0,0,0
20161227,46,1,1,2,1,14,0,19,1,10,43,0,0.0%,0,0,0,0,0
20161228,46,1,1,2,1,14,0,19,1,10,43,0,0.0%,0,0,0,0,0
20161229,46,1,1,2,1,14,0,19,1,10,43,0,0.0%,0,0,0,0,0
20161230,46,1,1,2,1,14,0,19,1,10,43,0,0.0%,0,0,0,0,0
20161231,46,1,1,2,1,14,0,19,1,10,43,0,0.0%,0,0,0,0,0
20170101,46,1,1,2,1,14,0,19,1,10,43,0,0.0%,0,0,0,0,0
20170102,46,1,1,2,1,14,0,19,1,10,43,0,0.0%,0,0,0,0,0
20170103,46,1,1,2,1,14,0,19,1,10,43,0,0.0%,0,0,0,0,0
20170104,46,1,1,2,1,14,0,19,1,10,43,0,0.0%,0,0,0,0,0
20170105,46,1,1,2,1,14,0,19,1,10,43,0,0.0%,0,0,0,0,0
20170106,46,1,1,2,1,14,0,19,1,10,43,0,0.0%,0,0,0,0,0
20170107,46,1,1,2,1,14,0,19,1,10,43,0,0.0%,0,0,0,0,0
20170108,46,1,1,2,1,14,0,19,1,10,43,0,0.0%,0,0,0,0,0
20170109,46,1,1,2,1,14,0,19,1,10,43,0,0.0%,0,0,0,0,0
20170110,46,1,1,2,1,14,0,19,1,10,43,0,0.0%,0,0,0,0,0
20170111,46,1,1,2,1,14,0,19,1,10,43,0,0.0%,0,0,0,0,0
20170112,46,1,1,2,1,14,0,19,1,10,43,0,0.0%,0,0,0,0,0
20170113,46,1,1,2,1,14,0,19,1,10,43,0,0.0%,0,0,0,0,0
20170114,46,1,1,2,1,14,0,19,1,10,43,0,0.0%,0,0,0,0,0
20170115,46,1,1,2,1,14,0,19,1,10,43,0,0.0%,0,0,0,0,0
20170116,46,1,1,2,1,14,0,19,1,10,43,0,0.0%,0,0,0,0,0
20170117,46,1,1,2,1,14,0,19,1,10,43,0,0.0%,0,0,0,0,0
20170118,46,1,1,2,1,14,0,19,1,10,43,0,0.0%,0,0,0,0,0
20170119,46,1,1,2,1,14,0,19,1,10,43,0,0.0%,0,0,0,0,0
20170120,46,1,1,2,1,14,0,19,1,10,43,0,0.0%,0,0,0,0,0
20170121,46,1,1,2,1,14,0,19,1,10,43,0,0.0%,0,0,0,0,0
20170122,46,1,1,2,1,14,0,19,1,10,43,0,0.0%,0,0,0,0,0
20170123,46,1,1,2,1,14,0,19,1,10,43,0,0.0%,0,0,0,0,0
20170124,46,1,1,2,1,14,0,19,1,10,43,0,0.0%,0,0,0,0,0
20170125,46,1,1,2,1,14,0,19,1,10,43,0,0.0%,0,0,0,0,0
20170126,46,1,1,2,1,14,0,19,1,10,43,0,0.0%,0,0,0,0,0
20170127,46,1,1,2,1,14,0,19,1,10,43,0,0.0%,0,0,0,0,0
20170128,46,1,1,2,1,14,0,19,1,10,43,0,0.0%,0,0,0,0,0
20170129,46,1,1,2,1,14,0,19,1,10,43,0,0.0%,0,0,0,0,0
20170130,46,1,1,2,1,14,0,19,1,10,43,0,0.0%,0,0,0,0,0
20170131,46,1,1,2,1,14,0,19,1,10,43,0,0.0%,0,0,0,0,0
20170201,46,1,1,2,1,14,0,19,1,10,43,0,0.0%,0,0,0,0,0
20170202,46,1,1,2,1,14,0,19,1,10,43,0,0.0%,0,0,0,0,0
20170203,46,1,1,2,1,14,0,19,1,10,43,0,0.0%,0,0,0,0,0
20170204,46,1,1,2,1,14,0,19,1,10,43,0,0.0%,0,0,0,0,0
20170205,46,1,1,2,1,14,0,19,1,10,43,0,0.0%,0,0,0,0,0
20170206,46,1,1,2,1,14,0,19,1,10,43,0,0.0%,0,0,0,0,0
20170207,46,1,1,2,1,14,0,19,1,10,43,0,0.0%,0,0,0,0,0
20170208,46,1,1,2,1,14,0,19,1,10,43,0,0.0%,0,0,0,0,0
20170209,46,1,1,2,1,14,0,19,1,10,43,0,0.0%,0,0,0,0,0
20170210,46,1,1,2,1,14,0,19,1,10,43,0,0.0%,0,0,0,0,0
20170211,46,1,1,2,1,14,0,19,1,10,43,0,0.0%,0,0,0,0,0
20170212,46,1,1,2,1,14,0,19,1,10,43,0,0.0%,0,0,0,0,0
20170214,46,1,1,2,1,14,0,19,1,10,43,0,0.0%,0,0,0,0,0
20170215,46,1,1,2,1,14,0,19,1,10,43,0,0.0%,0,0,0,0,0
20170216,46,1,1,2,1,14,0,19,1,10,43,0,0.0%,0,0,0,0,0
20170217,46,1,1,2,1,14,0,19,1,10,43,0,0.0%,0,0,0,0,0
20170218,46,1,1,2,1,14,0,19,1,10,43,0,0.0%,0,0,0,0,0
20170219,46,1,1,2,1,14,0,19,1,10,43,0,0.0%,0,0,0,0,0
20170220,46,1,1,2,1,14,0,19,1,10,43,0,0.0%,0,0,0,0,0
20170221,46,1,1,2,1,14,0,19,1,10,43,0,0.0%,0,0,0,0,0
20170222,46,1,1,2,1,14,0,19,1,10,43,0,0.0%,0,0,0,0,0
20170223,46,1,1,2,1,14,0,19,1,10,43,0,0.0%,0,0,0,0,0
20170224,46,1,1,2,1,14,0,19,1,10,43,0,0.0%,0,0,0,0,0
20170225,46,1,1,2,1,14,0,19,1,10,43,0,0.0%,0,0,0,0,0
20170226,46,1,1,2,1,14,0,19,1,10,43,0,0.0%,0,0,0,0,0
20170227,46,1,1,2,1,14,0,19,1,10,43,0,0.0%,0,0,0,0,0
20170228,46,1,1,2,1,14,0,19,1,10,43,0,0.0%,0,0,0,0,0
20170301,46,1,1,2,1,14,0,19,1,10,43,0,0.0%,0,0,0,0,0
20170302,46,1,1,2,1,14,0,19,1,10,43,0,0.0%,0,0,0,0,0
20170303,46,1,1,2,1,14,0,19,1,10,43,0,0.0%,0,0,0,0,0
20170304,46,1,1,2,1,14,0,19,1,10,43,0,0.0%,0,0,0,0,0
20170305,46,1,1,2,1,14,0,19,1,10,43,0,0.0%,0,0,0,0,0
20170306,46,1,1,2,1,14,0,19,1,10,43,0,0.0%,0,0,0,0,0
20170307,46,1,1,2,1,14,0,19,1,10,43,0,0.0%,0,0,0,0,0
20170308,46,1,1,2,1,14,0,19,1,10,43,0,0.0%,0,0,0,0,0
20170309,46,1,1,2,1,14,0,19,1,10,43,0,0.0%,0,0,0,0,0
20170310,46,1,1,2,1,14,0,19,1,10,43,0,0.0%,0,0,0,0,0
20170311,46,1,1,2,1,14,0,19,1,10,43,0,0.0%,0,0,0,0,0
20170312,46,1,1,2,1,14,0,19,1,10,43,0,0.0%,0,0,0,0,0
20170313,46,1,1,2,1,14,0,19,1,10,43,0,0.0%,0,0,0,0,0
20170314,46,1,1,2,1,14,0,19,1,10,43,0,0.0%,0,0,0,0,0
20170315,46,1,1,2,1,14,0,19,1,10,43,0,0.0%,0,0,0,0,0
20170316,46,1,1,2,1,14,0,19,1,10,43,0,0.0%,0,0,0,0,0
20170317,46,1,1,2,1,14,0,19,1,10,43,0,0.0%,0,0,0,0,0
20170318,46,1,1,2,1,14,0,19,1,10,43,0,0.0%,0,0,0,0,0
20170319,46,1,1,2,1,14,0,19,1,10,43,0,0.0%,0,0,0,0,0
20170320,46,1,1,2,1,14,0,19,1,10,43,0,0.0%,0,0,0,0,0
20170321,46,1,1,2,1,14,0,19,1,10,43,0,0.0%,0,0,0,0,0
20170322,46,1,1,2,1,14,0,19,1,10,43,0,0.0%,0,0,0,0,0
20170323,46,1,1,2,1,14,0,19,1,10,43,0,0.0%,0,0,0,0,0
20170324,46,1,1,2,1,14,0,19,1,10,43,0,0.0%,0,0,0,0,0
20170325,46,1,1,2,1,14,0,19,1,10,43,0,0.0%,0,0,0,0,0
20170326,46,1,1,2,1,14,0,19,1,10,43,0,0.0%,0,0,0,0,0
20170327,46,1,1,2,1,14,0,19,1,10,43,0,0.0%,0,0,0,0,0
20170328,46,1,1,2,1,14,0,19,1,10,43,0,0.0%,0,0,0,0,0
20170329,46,1,1,2,1,14,0,19,1,10,43,0,0.0%,0,0,0,0,0
20170330,46,1,1,2,1,14,0,19,1,10,43,0,0.0%,0,0,0,0,0
20170331,46,1,1,2,1,14,0,19,1,10,43,0,0.0%,0,0,0,0,0
20170401,46,1,1,2,1,14,0,19,1,10,43,0,0.0%,0,0,0,0,0
20170402,46,1,1,2,1,14,0,19,1,10,43,0,0.0%,0,0,0,0,0
20170403,46,1,1,2,1,14,0,19,1,10,43,0,0.0%,0,0,0,0,0
20170404,46,1,1,2,1,14,0,19,1,10,43,0,0.0%,0,0,0,0,0
20170405,46,1,1,2,1,14,0,19,1,10,43,0,0.0%,0,0,0,0,0
20170406,46,1,1,2,1,14,0,19,1,10,43,0,0.0%,0,0,0,0,0
20170407,46,1,1,2,1,14,0,19,1,10,43,0,0.0%,0,0,0,0,0
20170408,46,1,1,2,1,14,0,19,1,10,43,0,0.0%,0,0,0,0,0
20170409,46,1,1,2,1,14,0,19,1,10,43,0,0.0%,0,0,0,0,0
20170410,46,1,1,2,1,14,0,19,1,10,43,0,0.0%,0,0,0,0,0
20170411,46,1,1,2,1,14,0,19,1,10,43,0,0.0%,0,0,0,0,0
20170412,46,1,1,2,1,14,0,19,1,10,43,0,0.0%,0,0,0,0,0
20170413,46,1,1,2,1,14,0,19,1,10,43,0,0.0%,0,0,0,0,0
20170414,46,1,1,2,1,14,0,19,1,10,43,0,0.0%,0,0,0,0,0
20170415,46,1,1,2,1,14,0,19,1,10,43,0,0.0%,0,0,0,0,0
20170416,46,1,1,2,1,14,0,19,1,10,43,0,0.0%,0,0,0,0,0
20170417,46,1,1,2,1,14,0,19,1,10,43,0,0.0%,0,0,0,0,0
20170418,46,1,1,2,1,14,0,19,1,10,43,0,0.0%,0,0,0,0,0
20170419,46,1,1,2,1,14,0,19,1,10,43,0,0.0%,0,0,0,0,0
20170420,46,1,1,2,1,14,0,19,1,10,43,0,0.0%,0,0,0,0,0
20170421,46,1,1,2,1,14,0,19,1,10,43,0,0.0%,0,0,0,0,0
20170422,46,1,1,2,1,14,0,19,1,10,43,0,0.0%,0,0,0,0,0
20170423,46,1,1,2,1,14,0,19,1,10,43,0,0.0%,0,0,0,0,0
20170424,46,1,1,2,1,14,0,19,1,10,43,0,0.0%,0,0,0,0,0
20170425,46,1,1,2,1,14,0,19,1,10,43,0,0.0%,0,0,0,0,0
20170426,46,1,1,2,1,14,0,19,1,10,43,0,0.0%,0,0,0,0,0
20170427,46,1,1,2,1,14,0,19,1,10,43,0,0.0%,0,0,0,0,0
20170428,46,1,1,2,1,14,0,19,1,10,43,0,0.0%,0,0,0,0,0
20170429,46,1,1,2,1,14,0,19,1,10,43,0,0.0%,0,0,0,0,0
20170430,46,1,1,2,1,14,0,19,1,10,43,0,0.0%,0,0,0,0,0
20170501,46,1,1,2,1,14,0,19,1,10,43,0,0.0%,0,0,0,0,0
20170502,46,1,1,2,1,14,0,19,1,10,43,0,0.0%,0,0,0,0,0
20170503,46,1,1,2,1,14,0,19,1,10,43,0,0.0%,0,0,0,0,0
20170504,46,1,1,2,1,14,0,19,1,10,43,0,0.0%,0,0,0,0,0
20170505,46,1,1,2,1,14,0,19,1,10,43,0,0.0%,0,0,0,0,0
20170506,46,1,1,2,1,14,0,19,1,10,43,0,0.0%,0,0,0,0,0
20170507,46,1,1,2,1,14,0,19,1,10,43,0,0.0%,0,0,0,0,0
20170508,46,1,1,2,1,14,0,19,1,10,43,0,0.0%,0,0,0,0,0
20170509,46,1,1,2,1,14,0,19,1,10,43,0,0.0%,0,0,0,0,0
20170510,46,1,1,2,1,14,0,19,1,10,43,0,0.0%,0,0,0,0,0
20170511,46,1,1,2,1,14,0,19,1,10,43,0,0.0%,0,0,0,0,0
20170512,46,1,1,2,1,14,0,19,1,10,43,0,0.0%,0,0,0,0,0
20170513,46,1,1,2,1,14,0,19,1,10,43,0,0.0%,0,0,0,0,0
20170514,46,1,1,2,1,14,0,19,1,10,43,0,0.0%,0,0,0,0,0
20170515,46,1,1,2,1,14,0,19,1,10,43,0,0.0%,0,0,0,0,0
20170516,46,1,1,2,1,14,0,19,1,10,43,0,0.0%,0,0,0,0,0
20170517,46,1,1,2,1,14,0,19,1,10,43,0,0.0%,0,0,0,0,0
20170518,46,1,1,2,1,14,0,19,1,10,43,0,0.0%,0,0,0,0,0
20170519,46,1,1,2,1,14,0,19,1,10,43,0,0.0%,0,0,0,0,0
20170520,46,1,1,2,1,14,0,19,1,10,43,0,0.0%,0,0,0,0,0
20170521,46,1,1,2,1,14,0,19,1,10,43,0,0.0%,0,0,0,0,0
20170522,46,1,1,2,1,14,0,19,1,10,43,0,0.0%,0,0,0,0,0
20170523,46,1,1,2,1,14,0,19,1,10,43,0,0.0%,0,0,0,0,0
20170524,46,1,1,2,1,14,0,19,1,10,43,0,0.0%,0,0,0,0,0
20170525,46,1,1,2,1,14,0,19,1,10,43,0,0.0%,0,0,0,0,0
20170526,46,1,1,2,1,14,0,19,1,10,43,0,0.0%,0,0,0,0,0
20170527,46,1,1,2,1,14,0,19,1,10,43,0,0.0%,0,0,0,0,0
20170528,46,1,1,2,1,14,0,19,1,10,43,0,0.0%,0,0,0,0,0
20170529,46,1,1,2,1,14,0,19,1,10,43,0,0.0%,0,0,0,0,0
20170530,46,1,1,2,1,14,0,19,1,10,43,0,0.0%,0,0,0,0,0
20170531,46,1,1,2,1,14,0,19,1,10,43,0,0.0%,0,0,0,0,0
20170601,46,1,1,2,1,14,0,19,1,10,43,0,0.0%,0,0,0,0,0
20170602,46,1,1,2,1,14,0,19,1,10,43,0,0.0%,0,0,0,0,0
20170603,46,1,1,2,1,14,0,19,1,10,43,0,0.0%,0,0,0,0,0
20170604,46,1,1,2,1,14,0,19,1,10,43,0,0.0%,0,0,0,0,0
20170605,46,1,1,2,1,14,0,19,1,10,43,0,0.0%,0,0,0,0,0
20170606,46,1,1,2,1,14,0,19,1,10,43,0,0.0%,0,0,0,0,0
20170607,46,1,1,2,1,14,0,19,1,10,43,0,0.0%,0,0,0,0,0
20170608,46,1,1,2,1,14,0,19,1,10,43,0,0.0%,0,0,0,0,0
20170609,46,1,1,2,1,14,0,19,1,10,43,0,0.0%,0,0,0,0,0
20170610,46,1,1,2,1,14,0,19,1,10,43,0,0.0%,0,0,0,0,0
20170611,46,1,1,2,1,14,0,19,1,10,43,0,0.0%,0,0,0,0,0
20170612,46,1,1,2,1,14,0,19,1,10,43,0,0.0%,0,0,0,0,0
20170613,46,1,1,2,1,14,0,19,1,10,43,0,0.0%,0,0,0,0,0
20170614,46,1,1,2,1,14,0,19,1,10,43,0,0.0%,0,0,0,0,0
20170615,46,1,1,2,1,14,0,19,1,10,43,0,0.0%,0,0,0,0,0
20170616,46,1,1,2,1,14,0,19,1,10,43,0,0.0%,0,0,0,0,0
20170617,46,1,1,2,1,14,0,19,1,10,43,0,0.0%,0,0,0,0,0
20170618,46,1,1,2,1,14,0,19,1,10,43,0,0.0%,0,0,0,0,0
20170619,46,1,1,2,1,14,0,19,1,10,43,0,0.0%,0,0,0,0,0
20170620,46,1,1,2,1,14,0,19,1,10,43,0,0.0%,0,0,0,0,0
20170621,46,1,1,2,1,14,0,19,1,10,43,0,0.0%,0,0,0,0,0
20170622,46,1,1,2,1,14,0,19,1,10,43,0,0.0%,0,0,0,0,0
20170623,46,1,1,2,1,14,0,19,1,10,43,0,0.0%,0,0,0,0,0
20170624,46,1,1,2,1,14,0,19,1,10,43,0,0.0%,0,0,0,0,0
20170625,46,1,1,2,1,14,0,19,1,10,43,0,0.0%,0,0,0,0,0
20170626,46,1,1,2,1,14,0,19,1,10,43,0,0.0%,0,0,0,0,0
20170627,46,1,1,2,1,14,0,19,1,10,43,0,0.0%,0,0,0,0,0
20170628,46,1,1,2,1,14,0,19,1,10,43,0,0.0%,0,0,0,0,0
20170629,46,1,1,2,1,14,0,19,1,10,43,0,0.0%,0,0,0,0,0
20170630,46,1,1,2,1,14,0,19,1,10,43,0,0.0%,0,0,0,0,0
20170701,46,1,1,2,1,14,0,19,1,10,43,0,0.0%,0,0,0,0,0
20170702,46,1,1,2,1,14,0,19,1,10,43,0,0.0%,0,0,0,0,0
20170703,46,1,1,2,1,14,0,19,1,10,43,0,0.0%,0,0,0,0,0
20170704,46,1,1,2,1,14,0,19,1,10,43,0,0.0%,0,0,0,0,0
20170705,46,1,1,2,1,14,0,19,1,10,43,0,0.0%,0,0,0,0,0
20170706,46,1,1,2,1,14,0,19,1,10,43,0,0.0%,0,0,0,0,0
20170707,46,1,1,2,1,14,0,19,1,10,43,0,0.0%,0,0,0,0,0
20170708,46,1,1,2,1,14,0,19,1,10,43,0,0.0%,0,0,0,0,0
20170709,46,1,1,2,1,14,0,19,1,10,43,0,0.0%,0,0,0,0,0
20170710,46,1,1,2,1,14,0,19,1,10,43,0,0.0%,0,0,0,0,0
20170711,46,1,1,2,1,14,0,19,1,10,43,0,0.0%,0,0,0,0,0
20170712,46,1,1,2,1,14,0,19,1,10,43,0,0.0%,0,0,0,0,0
20170713,46,1,1,2,1,14,0,19,1,10,43,0,0.0%,0,0,0,0,0
20170714,46,1,1,2,1,14,0,19,1,10,43,0,0.0%,0,0,0,0,0
20170715,46,1,1,2,1,14,0,19,1,10,43,0,0.0%,0,0,0,0,0
20170716,46,1,1,2,1,14,0,19,1,10,43,0,0.0%,0,0,0,0,0
20170717,46,1,1,2,1,14,0,19,1,10,43,0,0.0%,0,0,0,0,0
20170718,46,1,1,2,1,14,0,19,1,10,43,0,0.0%,0,0,0,0,0
20170719,46,1,1,2,1,14,0,19,1,10,43,0,0.0%,0,0,0,0,0
20170720,46,1,1,2,1,14,0,19,1,10,43,0,0.0%,0,0,0,0,0
20170721,46,1,1,2,1,14,0,19,1,10,43,0,0.0%,0,0,0,0,0
20170722,46,1,1,2,1,14,0,19,1,10,43,0,0.0%,0,0,0,0,0
20170723,46,1,1,2,1,14,0,19,1,10,43,0,0.0%,0,0,0,0,0
20170724,46,1,1,2,1,14,0,19,1,10,43,0,0.0%,0,0,0,0,0
20170725,46,1,1,2,1,14,0,19,1,10,43,0,0.0%,0,0,0,0,0
20170726,46,1,1,2,1,14,0,19,1,10,43,0,0.0%,0,0,0,0,0
20170727,46,1,1,2,1,14,0,19,1,10,43,0,0.0%,0,0,0,0,0
20170728,46,1,1,2,1,14,0,19,1,10,43,0,0.0%,0,0,0,0,0
20170729,46,1,1,2,1,14,0,19,1,10,43,0,0.0%,0,0,0,0,0
20170730,46,1,1,2,1,14,0,19,1,10,43,0,0.0%,0,0,0,0,0
20170731,46,1,1,2,1,14,0,19,1,10,43,0,0.0%,0,0,0,0,0
20170801,46,1,1,2,1,14,0,19,1,10,43,0,0.0%,0,0,0,0,0
20170802,46,1,1,2,1,14,0,19,1,10,43,0,0.0%,0,0,0,0,0
20170803,46,1,1,2,1,14,0,19,1,10,43,0,0.0%,0,0,0,0,0
20170804,46,1,1,2,1,14,0,19,1,10,43,0,0.0%,0,0,0,0,0
20170805,46,1,1,2,1,14,0,19,1,10,43,0,0.0%,0,0,0,0,0
20170806,46,1,1,2,1,14,0,19,1,10,43,0,0.0%,0,0,0,0,0
20170807,46,1,1,2,1,14,0,19,1,10,43,0,0.0%,0,0,0,0,0
20170808,46,1,1,2,1,14,0,19,1,10,43,0,0.0%,0,0,0,0,0
20170809,46,1,1,2,1,14,0,19,1,10,43,0,0.0%,0,0,0,0,0
20170810,46,1,1,2,1,14,0,19,1,10,43,0,0.0%,0,0,0,0,0
20170811,46,1,1,2,1,14,0,19,1,10,43,0,0.0%,0,0,0,0,0
20170812,46,1,1,2,1,14,0,19,1,10,43,0,0.0%,0,0,0,0,0
20170813,46,1,1,2,1,14,0,19,1,10,43,0,0.0%,0,0,0,0,0
20170814,46,1,1,2,1,14,0,19,1,10,43,0,0.0%,0,0,0,0,0
20170815,46,1,1,2,1,14,0,19,1,10,43,0,0.0%,0,0,0,0,0
20170816,46,1,1,2,1,14,0,19,1,10,43,0,0.0%,0,0,0,0,0
20170817,46,1,1,2,1,14,0,19,1,10,43,0,0.0%,0,0,0,0,0
20170818,46,1,1,2,1,14,0,19,1,10,43,0,0.0%,0,0,0,0,0
20170819,46,1,1,2,1,14,0,19,1,10,43,0,0.0%,0,0,0,0,0
20170820,46,1,1,2,1,14,0,19,1,10,43,0,0.0%,0,0,0,0,0
20170821,46,1,1,2,1,14,0,19,1,10,43,0,0.0%,0,0,0,0,0
20170822,46,1,1,2,1,14,0,19,1,10,43,0,0.0%,0,0,0,0,0
20170823,46,1,1,2,1,14,0,19,1,10,43,0,0.0%,0,0,0,0,0
20170824,46,1,1,2,1,14,0,19,1,10,43,0,0.0%,0,0,0,0,0
20170825,46,1,1,2,1,14,0,19,1,10,43,0,0.0%,0,0,0,0,0
20170826,46,1,1,2,1,14,0,19,1,10,43,0,0.0%,0,0,0,0,0
20170827,46,1,1,2,1,14,0,19,1,10,43,0,0.0%,0,0,0,0,0
20170828,46,1,1,2,1,14,0,19,1,10,43,0,0.0%,0,0,0,0,0
20170829,46,1,1,2,1,14,0,19,1,10,43,0,0.0%,0,0,0,0,0
20170830,46,1,1,2,1,14,0,19,1,10,43,0,0.0%,0,0,0,0,0
20170831,46,1,1,2,1,14,0,19,1,10,43,0,0.0%,0,0,0,0,0
20170901,46,1,1,2,1,14,0,19,1,10,43,0,0.0%,0,0,0,0,0
20170902,46,1,1,2,1,14,0,19,1,10,43,0,0.0%,0,0,0,0,0
20170903,46,1,1,2,1,14,0,19,1,10,43,0,0.0%,0,0,0,0,0
20170904,46,1,1,2,1,14,0,19,1,10,43,0,0.0%,0,0,0,0,0
20170905,46,1,1,2,1,14,0,19,1,10,43,0,0.0%,0,0,0,0,0
20170906,46,1,1,2,1,14,0,19,1,10,43,0,0.0%,0,0,0,0,0
20170907,46,1,1,2,1,14,0,19,1,10,43,0,0.0%,0,0,0,0,0
20170908,46,1,1,2,1,14,0,19,1,10,43,0,0.0%,0,0,0,0,0
20170909,46,1,1,2,1,14,0,19,1,10,43,0,0.0%,0,0,0,0,0
20170910,46,1,1,2,1,14,0,19,1,10,43,0,0.0%,0,0,0,0,0
20170911,46,1,1,2,1,14,0,19,1,10,43,0,0.0%,0,0,0,0,0
20170912,46,1,1,2,1,14,0,19,1,10,43,0,0.0%,0,0,0,0,0
20170913,46,1,1,2,1,14,0,19,1,10,43,0,0.0%,0,0,0,0,0
20170914,46,1,1,2,1,14,0,19,1,10,43,0,0.0%,0,0,0,0,0
20170915,46,1,1,2,1,14,0,19,1,10,43,0,0.0%,0,0,0,0,0
20170916,46,1,1,2,1,14,0,19,1,10,43,0,0.0%,0,0,0,0,0
20170917,46,1,1,2,1,14,0,19,1,10,43,0,0.0%,0,0,0,0,0
20170918,46,1,1,2,1,14,0,19,1,10,43,0,0.0%,0,0,0,0,0
20170919,46,1,1,2,1,14,0,19,1,10,43,0,0.0%,0,0,0,0,0
20170920,46,1,1,2,1,14,0,19,1,10,43,0,0.0%,0,0,0,0,0
20170921,46,1,1,2,1,14,0,19,1,10,43,0,0.0%,0,0,0,0,0
20170922,46,1,1,2,1,14,0,19,1,10,43,0,0.0%,0,0,0,0,0
20170923,46,1,1,2,1,14,0,19,1,10,43,0,0.0%,0,0,0,0,0
20170924,46,1,1,2,1,14,0,19,1,10,43,0,0.0%,0,0,0,0,0
20170925,46,1,1,2,1,14,0,19,1,10,43,0,0.0%,0,0,0,0,0
20170926,46,1,1,2,1,14,0,19,1,10,43,0,0.0%,0,0,0,0,0
20170927,46,1,1,2,1,14,0,19,1,10,43,0,0.0%,0,0,0,0,0
20170928,46,1,1,2,1,14,0,19,1,10,43,0,0.0%,0,0,0,0,0
20170929,46,1,1,2,1,14,0,19,1,10,43,0,0.0%,0,0,0,0,0
20170930,46,1,1,2,1,14,0,19,1,10,43,0,0.0%,0,0,0,0,0
20171001,46,1,1,2,1,14,0,19,1,10,43,0,0.0%,0,0,0,0,0
20171002,46,1,1,2,1,14,0,19,1,10,43,0,0.0%,0,0,0,0,0
20171003,46,1,1,2,1,14,0,19,1,10,43,0,0.0%,0,0,0,0,0
20171004,46,1,1,2,1,14,0,19,1,10,43,0,0.0%,0,0,0,0,0
20171005,46,1,1,2,1,14,0,19,1,10,43,0,0.0%,0,0,0,0,0
20171006,46,1,1,2,1,14,0,19,1,10,43,0,0.0%,0,0,0,0,0
20171007,46,1,1,2,1,14,0,19,1,10,43,0,0.0%,0,0,0,0,0
20171008,46,1,1,2,1,14,0,19,1,10,43,0,0.0%,0,0,0,0,0
20171009,46,1,1,2,1,14,0,19,1,10,43,0,0.0%,0,0,0,0,0
20171010,46,1,1,2,1,14,0,19,1,10,43,0,0.0%,0,0,0,0,0
20171011,46,1,1,2,1,14,0,19,1,10,43,0,0.0%,0,0,0,0,0
20171012,46,1,1,2,1,14,0,19,1,10,43,0,0.0%,0,0,0,0,0
20171013,46,1,1,2,1,14,0,19,1,10,43,0,0.0%,0,0,0,0,0
20171014,46,1,1,2,1,14,0,19,1,10,43,0,0.0%,0,0,0,0,0
20171015,46,1,1,2,1,14,0,19,1,10,43,0,0.0%,0,0,0,0,0
20171016,46,1,1,2,1,14,0,19,1,10,43,0,0.0%,0,0,0,0,0
20171017,46,1,1,2,1,14,0,19,1,10,43,0,0.0%,0,0,0,0,0
20171018,46,1,1,2,1,14,0,19,1,10,43,0,0.0%,0,0,0,0,0
20171019,46,1,1,2,1,14,0,19,1,10,43,0,0.0%,0,0,0,0,0
20171020,46,1,1,2,1,14,0,19,1,10,43,0,0.0%,0,0,0,0,0
20171021,46,1,1,2,1,14,0,19,1,10,43,0,0.0%,0,0,0,0,0
20171022,46,1,1,2,1,14,0,19,1,10,43,0,0.0%,0,0,0,0,0
20171023,46,1,1,2,1,14,0,19,1,10,43,0,0.0%,0,0,0,0,0
20171024,46,1,1,2,1,14,0,19,1,10,43,0,0.0%,0,0,0,0,0
20171025,46,1,1,2,1,14,0,19,1,10,43,0,0.0%,0,0,0,0,0
20171026,46,1,1,2,1,14,0,19,1,10,43,0,0.0%,0,0,0,0,0
20171027,46,1,1,2,1,14,0,19,1,10,43,0,0.0%,0,0,0,0,0
20171028,46,1,1,2,1,14,0,19,1,10,43,0,0.0%,0,0,0,0,0
20171029,46,1,1,2,1,14,0,19,1,10,43,0,0.0%,0,0,0,0,0
20171030,46,1,1,2,1,14,0,19,1,10,43,0,0.0%,0,0,0,0,0
20171031,46,1,1,2,1,14,0,19,1,10,43,0,0.0%,0,0,0,0,0
20171101,46,1,1,2,1,14,0,19,1,10,43,0,0.0%,0,0,0,0,0
20171102,46,1,1,2,1,14,0,19,1,10,43,0,0.0%,0,0,0,0,0
20171103,46,1,1,2,1,14,0,19,1,10,43,0,0.0%,0,0,0,0,0
20171104,46,1,1,2,1,14,0,19,1,10,43,0,0.0%,0,0,0,0,0
20171105,46,1,1,2,1,14,0,19,1,10,43,0,0.0%,0,0,0,0,0
20171106,46,1,1,2,1,14,0,19,1,10,43,0,0.0%,0,0,0,0,0
20171107,46,1,1,2,1,14,0,19,1,10,43,0,0.0%,0,0,0,0,0
20171108,46,1,1,2,1,14,0,19,1,10,43,0,0.0%,0,0,0,0,0
20171109,46,1,1,2,1,14,0,19,1,10,43,0,0.0%,0,0,0,0,0
20171110,46,1,1,2,1,14,0,19,1,10,43,0,0.0%,0,0,0,0,0
20171111,46,1,1,2,1,14,0,19,1,10,43,0,0.0%,0,0,0,0,0
20171112,46,1,1,2,1,14,0,19,1,10,43,0,0.0%,0,0,0,0,0
20171113,46,1,1,2,1,14,0,19,1,10,43,0,0.0%,0,0,0,0,0
20171114,46,1,1,2,1,14,0,19,1,10,43,0,0.0%,0,0,0,0,0
20171115,46,1,1,2,1,14,0,19,1,10,43,0,0.0%,0,0,0,0,0
20171116,46,1,1,2,1,14,0,19,1,10,43,0,0.0%,0,0,0,0,0
20171117,46,1,1,2,1,14,0,19,1,10,43,0,0.0%,0,0,0,0,0
20171118,46,1,1,2,1,14,0,19,1,10,43,0,0.0%,0,0,0,0,0
20171119,46,1,1,2,1,14,0,19,1,10,43,0,0.0%,0,0,0,0,0
20171120,46,1,1,2,1,14,0,19,1,10,43,0,0.0%,0,0,0,0,0
20171121,46,1,1,2,1,14,0,19,1,10,43,0,0.0%,0,0,0,0,0
20171122,46,1,1,2,1,14,0,19,1,10,43,0,0.0%,0,0,0,0,0
20171123,46,1,1,2,1,14,0,19,1,10,43,0,0.0%,0,0,0,0,0
20171124,46,1,1,2,1,14,0,19,1,10,43,0,0.0%,0,0,0,0,0
20171125,46,1,1,2,1,14,0,19,1,10,43,0,0.0%,0,0,0,0,0
20171126,46,1,1,2,1,14,0,19,1,10,43,0,0.0%,0,0,0,0,0
20171127,46,1,1,2,1,14,0,19,1,10,43,0,0.0%,0,0,0,0,0
20171128,46,1,1,2,1,14,0,19,1,10,43,0,0.0%,0,0,0,0,0
20171129,46,1,1,2,1,14,0,19,1,10,43,0,0.0%,0,0,0,0,0
20171130,46,1,1,2,1,14,0,19,1,10,43,0,0.0%,0,0,0,0,0
20171201,46,1,1,2,1,14,0,19,1,10,43,0,0.0%,0,0,0,0,0
20171202,46,1,1,2,1,14,0,19,1,10,43,0,0.0%,0,0,0,0,0
20171203,46,1,1,2,1,14,0,19,1,10,43,0,0.0%,0,0,0,0,0
20171204,46,1,1,2,1,14,0,19,1,10,43,0,0.0%,0,0,0,0,0
20171205,46,1,1,2,1,14,0,19,1,10,43,0,0.0%,0,0,0,0,0
20171206,46,1,1,2,1,14,0,19,1,10,43,0,0.0%,0,0,0,0,0
20171207,46,1,1,2,1,14,0,19,1,10,43,0,0.0%,0,0,0,0,0
20171208,46,1,1,2,1,14,0,19,1,10,43,0,0.0%,0,0,0,0,0
20171209,46,1,1,2,1,14,0,19,1,10,43,0,0.0%,0,0,0,0,0
20171210,46,1,1,2,1,14,0,19,1,10,43,0,0.0%,0,0,0,0,0
20171211,46,1,1,2,1,14,0,19,1,10,43,0,0.0%,0,0,0,0,0
20171212,46,1,1,2,1,14,0,19,1,10,43,0,0.0%,0,0,0,0,0
20171213,46,1,1,2,1,14,0,19,1,10,43,0,0.0%,0,0,0,0,0
20171214,46,1,1,2,1,14,0,19,1,10,43,0,0.0%,0,0,0,0,0
20171215,46,1,1,2,1,14,0,19,1,10,43,0,0.0%,0,0,0,0,0
20171216,46,1,1,2,1,14,0,19,1,10,43,0,0.0%,0,0,0,0,0
20171217,46,1,1,2,1,14,0,19,1,10,43,0,0.0%,0,0,0,0,0
20171218,46,1,1,2,1,14,0,19,1,10,43,0,0.0%,0,0,0,0,0
20171219,46,1,1,2,1,14,0,19,1,10,43,0,0.0%,0,0,0,0,0
20171220,46,1,1,2,1,14,0,19,1,10,43,0,0.0%,0,0,0,0,0
20171221,46,1,1,2,1,14,0,19,1,10,43,0,0.0%,0,0,0,0,0
20171222,46,1,1,2,1,14,0,19,1,10,43,0,0.0%,0,0,0,0,0
20171223,46,1,1,2,1,14,0,19,1,10,43,0,0.0%,0,0,0,0,0
20171224,46,1,1,2,1,14,0,19,1,10,43,0,0.0%,0,0,0,0,0
20171225,46,1,1,2,1,14,0,19,1,10,43,0,0.0%,0,0,0,0,0
20171226,46,1,1,2,1,14,0,19,1,10,43,0,0.0%,0,0,0,0,0
20171227,46,1,1,2,1,14,0,19,1,10,43,0,0.0%,0,0,0,0,0
20171228,46,1,1,2,1,14,0,19,1,10,43,0,0.0%,0,0,0,0,0
20171229,46,1,1,2,1,14,0,19,1,10,43,0,0.0%,0,0,0,0,0
20171230,46,1,1,2,1,14,0,19,1,10,43,0,0.0%,0,0,0,0,0
20171231,46,1,1,2,1,14,0,19,1,10,43,0,0.0%,0,0,0,0,0
20180101,46,1,1,2,1,14,0,19,1,10,43,0,0.0%,0,0,0,0,0
20180102,46,1,1,2,1,14,0,19,1,10,43,0,0.0%,0,0,0,0,0
20180103,46,1,1,2,1,14,0,19,1,10,43,0,0.0%,0,0,0,0,0
20180104,46,1,1,2,1,14,0,19,1,10,43,0,0.0%,0,0,0,0,0
20180105,46,1,1,2,1,14,0,19,1,10,43,0,0.0%,0,0,0,0,0
20180106,46,1,1,2,1,14,0,19,1,10,43,0,0.0%,0,0,0,0,0
20180107,46,1,1,2,1,14,0,19,1,10,43,0,0.0%,0,0,0,0,0
20180108,46,1,1,2,1,14,0,19,1,10,43,0,0.0%,0,0,0,0,0
20180109,46,1,1,2,1,14,0,19,1,10,43,0,0.0%,0,0,0,0,0
20180110,46,1,1,2,1,14,0,19,1,10,43,0,0.0%,0,0,0,0,0
20180111,46,1,1,2,1,14,0,19,1,10,43,0,0.0%,0,0,0,0,0
20180112,46,1,1,2,1,14,0,19,1,10,43,0,0.0%,0,0,0,0,0
20180113,46,1,1,2,1,14,0,19,1,10,43,0,0.0%,0,0,0,0,0
20180114,46,1,1,2,1,14,0,19,1,10,43,0,0.0%,0,0,0,0,0
20180115,46,1,1,2,1,14,0,19,1,10,43,0,0.0%,0,0,0,0,0
20180116,46,1,1,2,1,14,0,19,1,10,43,0,0.0%,0,0,0,0,0
20180117,46,1,1,2,1,14,0,19,1,10,43,0,0.0%,0,0,0,0,0
20180118,46,1,1,2,1,14,0,19,1,10,43,0,0.0%,0,0,0,0,0
20180119,46,1,1,2,1,14,0,19,1,10,43,0,0.0%,0,0,0,0,0
20180120,46,1,1,2,1,14,0,19,1,10,43,0,0.0%,0,0,0,0,0
20180121,46,1,1,2,1,14,0,19,1,10,43,0,0.0%,0,0,0,0,0
20180122,46,1,1,2,1,14,0,19,1,10,43,0,0.0%,0,0,0,0,0
20180123,46,1,1,2,1,14,0,19,1,10,43,0,0.0%,0,0,0,0,0
20180124,46,1,1,2,1,14,0,19,1,10,43,0,0.0%,0,0,0,0,0
20180125,46,1,1,2,1,14,0,19,1,10,43,0,0.0%,0,0,0,0,0
20180127,46,1,1,2,1,14,0,19,1,10,43,0,0.0%,0,0,0,0,0
20180128,46,1,1,2,1,14,0,19,1,10,43,0,0.0%,0,0,0,0,0
20180129,46,1,1,2,1,14,0,19,1,10,43,0,0.0%,0,0,0,0,0
20180129,46,1,1,2,1,14,0,19,1,10,43,0,0.0%,0,0,0,0,0
20180130,46,1,1,2,1,14,0,19,1,10,43,0,0.0%,0,0,0,0,0
20180131,46,1,1,2,1,14,0,19,1,10,43,0,0.0%,0,0,0,0,0
20180201,46,1,1,2,1,14,0,19,1,10,43,0,0.0%,0,0,0,0,0
20180202,46,1,1,2,1,14,0,19,1,10,43,0,0.0%,0,0,0,0,0
20180203,46,1,1,2,1,14,0,19,1,10,43,0,0.0%,0,0,0,0,0
20180204,46,1,1,2,1,14,0,19,1,10,43,0,0.0%,0,0,0,0,0
20180205,46,1,1,2,1,14,0,19,1,10,43,0,0.0%,0,0,0,0,0
20180206,46,1,1,2,1,14,0,19,1,10,43,0,0.0%,0,0,0,0,0
20180207,46,1,1,2,1,14,0,19,1,10,43,0,0.0%,0,0,0,0,0
20180208,46,1,1,2,1,14,0,19,1,10,43,0,0.0%,0,0,0,0,0
20180209,46,1,1,2,1,14,0,19,1,10,43,0,0.0%,0,0,0,0,0
20180210,46,1,1,2,1,14,0,19,1,10,43,0,0.0%,0,0,0,0,0
20180211,46,1,1,2,1,14,0,19,1,10,43,0,0.0%,0,0,0,0,0
20180212,46,1,1,2,1,14,0,19,1,10,43,0,0.0%,0,0,0,0,0
20180213,46,1,1,2,1,14,0,19,1,10,43,0,0.0%,0,0,0,0,0
20180214,46,1,1,2,1,14,0,19,1,10,43,0,0.0%,0,0,0,0,0
20180215,46,1,1,2,1,14,0,19,1,10,43,0,0.0%,0,0,0,0,0
20180216,46,1,1,2,1,14,0,19,1,10,43,0,0.0%,0,0,0,0,0
20180217,46,1,1,2,1,14,0,19,1,10,43,0,0.0%,0,0,0,0,0
20180218,46,1,1,2,1,14,0,19,1,10,43,0,0.0%,0,0,0,0,0
20180219,46,1,1,2,1,14,0,19,1,10,43,0,0.0%,0,0,0,0,0
20180220,46,1,1,2,1,14,0,19,1,10,43,0,0.0%,0,0,0,0,0
20180221,46,1,1,2,1,14,0,19,1,10,43,0,0.0%,0,0,0,0,0
20180222,46,1,1,2,1,14,0,19,1,10,43,0,0.0%,0,0,0,0,0
20180223,46,1,1,2,1,14,0,19,1,10,43,0,0.0%,0,0,0,0,0
20180224,46,1,1,2,1,14,0,19,1,10,43,0,0.0%,0,0,0,0,0
20180225,46,1,1,2,1,14,0,19,1,10,43,0,0.0%,0,0,0,0,0
20180226,46,1,1,2,1,14,0,19,1,10,43,0,0.0%,0,0,0,0,0
20180227,46,1,1,2,1,14,0,19,1,10,43,0,0.0%,0,0,0,0,0
20180228,46,1,1,2,1,14,0,19,1,10,43,0,0.0%,0,0,0,0,0
20180301,46,1,1,2,1,14,0,19,1,10,43,0,0.0%,0,0,0,0,0
20180302,46,1,1,2,1,14,0,19,1,10,43,0,0.0%,0,0,0,0,0
20180303,46,1,1,2,1,14,0,19,1,10,43,0,0.0%,0,0,0,0,0
20180304,46,1,1,2,1,14,0,19,1,10,43,0,0.0%,0,0,0,0,0
20180305,46,1,1,2,1,14,0,19,1,10,43,0,0.0%,0,0,0,0,0
20180306,46,1,1,2,1,14,0,19,1,10,43,0,0.0%,0,0,0,0,0
20180307,46,1,1,2,1,14,0,19,1,10,43,0,0.0%,0,0,0,0,0
20180308,46,1,1,2,1,14,0,19,1,10,43,0,0.0%,0,0,0,0,0
20180309,46,1,1,2,1,14,0,19,1,10,43,0,0.0%,0,0,0,0,0
20180310,46,1,1,2,1,14,0,19,1,10,43,0,0.0%,0,0,0,0,0
20180311,46,1,1,2,1,14,0,19,1,10,43,0,0.0%,0,0,0,0,0
20180312,46,1,1,2,1,14,0,19,1,10,43,0,0.0%,0,0,0,0,0
20180313,46,1,1,2,1,14,0,19,1,10,43,0,0.0%,0,0,0,0,0
20180314,46,1,1,2,1,14,0,19,1,10,43,0,0.0%,0,0,0,0,0
20180315,46,1,1,2,1,14,0,19,1,10,43,0,0.0%,0,0,0,0,0
20180316,46,1,1,2,1,14,0,19,1,10,43,0,0.0%,0,0,0,0,0
20180317,46,1,1,2,1,14,0,19,1,10,43,0,0.0%,0,0,0,0,0
20180318,46,1,1,2,1,14,0,19,1,10,43,0,0.0%,0,0,0,0,0
20180319,46,1,1,2,1,14,0,19,1,10,43,0,0.0%,0,0,0,0,0
20180320,46,1,1,2,1,14,0,19,1,10,43,0,0.0%,0,0,0,0,0
20180321,46,1,1,2,1,14,0,19,1,10,43,0,0.0%,0,0,0,0,0
20180322,46,1,1,2,1,14,0,19,1,10,43,0,0.0%,0,0,0,0,0
20180323,46,1,1,2,1,14,0,19,1,10,43,0,0.0%,0,0,0,0,0
20180324,46,1,1,2,1,14,0,19,1,10,43,0,0.0%,0,0,0,0,0
20180325,46,1,1,2,1,14,0,19,1,10,43,0,0.0%,0,0,0,0,0
20180326,46,1,1,2,1,14,0,19,1,10,43,0,0.0%,0,0,0,0,0
20180327,46,1,1,2,1,14,0,19,1,10,43,0,0.0%,0,0,0,0,0
20180328,46,1,1,2,1,14,0,19,1,10,43,0,0.0%,0,0,0,0,0
20180329,46,1,1,2,1,14,0,19,1,10,43,0,0.0%,0,0,0,0,0
20180330,46,1,1,2,1,14,0,19,1,10,43,0,0.0%,0,0,0,0,0
20180331,46,1,1,2,1,14,0,19,1,10,43,0,0.0%,0,0,0,0,0
20180401,46,1,1,2,1,14,0,19,1,10,43,0,0.0%,0,0,0,0,0
20180402,46,1,1,2,1,14,0,19,1,10,43,0,0.0%,0,0,0,0,0
20180403,46,1,1,2,1,14,0,19,1,10,43,0,0.0%,0,0,0,0,0
20180404,46,1,1,2,1,14,0,19,1,10,43,0,0.0%,0,0,0,0,0
20180405,46,1,1,2,1,14,0,19,1,10,43,0,0.0%,0,0,0,0,0
20180406,46,1,1,2,1,14,0,19,1,10,43,0,0.0%,0,0,0,0,0
20180407,46,1,1,2,1,14,0,19,1,10,43,0,0.0%,0,0,0,0,0
20180408,46,1,1,2,1,14,0,19,1,10,43,0,0.0%,0,0,0,0,0
20180409,46,1,1,2,1,14,0,19,1,10,43,0,0.0%,0,0,0,0,0
20180410,46,1,1,2,1,14,0,19,1,10,43,0,0.0%,0,0,0,0,0
20180411,46,1,1,2,1,14,0,19,1,10,43,0,0.0%,0,0,0,0,0
20180412,46,1,1,2,1,14,0,19,1,10,43,0,0.0%,0,0,0,0,0
20180413,46,1,1,2,1,14,0,19,1,10,43,0,0.0%,0,0,0,0,0
20180414,46,1,1,2,1,14,0,19,1,10,43,0,0.0%,0,0,0,0,0
20180415,46,1,1,2,1,14,0,19,1,10,43,0,0.0%,0,0,0,0,0
20180416,46,1,1,2,1,14,0,19,1,10,43,0,0.0%,0,0,0,0,0
20180417,46,1,1,2,1,14,0,19,1,10,43,0,0.0%,0,0,0,0,0
20180418,46,1,1,2,1,14,0,19,1,10,43,0,0.0%,0,0,0,0,0
20180419,46,1,1,2,1,14,0,19,1,10,43,0,0.0%,0,0,0,0,0
20180420,46,1,1,2,1,14,0,19,1,10,43,0,0.0%,0,0,0,0,0
20180421,46,1,1,2,1,14,0,19,1,10,43,0,0.0%,0,0,0,0,0
20180422,46,1,1,2,1,14,0,19,1,10,43,0,0.0%,0,0,0,0,0
20180423,46,1,1,2,1,14,0,19,1,10,43,0,0.0%,0,0,0,0,0
20180424,46,1,1,2,1,14,0,19,1,10,43,0,0.0%,0,0,0,0,0
20180425,46,1,1,2,1,14,0,19,1,10,43,0,0.0%,0,0,0,0,0
20180426,46,1,1,2,1,14,0,19,1,10,43,0,0.0%,0,0,0,0,0
20180427,46,1,1,2,1,14,0,19,1,10,43,0,0.0%,0,0,0,0,0
20180428,46,1,1,2,1,14,0,19,1,10,43,0,0.0%,0,0,0,0,0
20180429,46,1,1,2,1,14,0,19,1,10,43,0,0.0%,0,0,0,0,0
20180430,46,1,1,2,1,14,0,19,1,10,43,0,0.0%,0,0,0,0,0
20180501,46,1,1,2,1,14,0,19,1,10,43,0,0.0%,0,0,0,0,0
20180502,46,1,1,2,1,14,0,19,1,10,43,0,0.0%,0,0,0,0,0
20180503,46,1,1,2,1,14,0,19,1,10,43,0,0.0%,0,0,0,0,0
20180504,46,1,1,2,1,14,0,19,1,10,43,0,0.0%,0,0,0,0,0
20180505,46,1,1,2,1,14,0,19,1,10,43,0,0.0%,0,0,0,0,0
20180506,46,1,1,2,1,14,0,19,1,10,43,0,0.0%,0,0,0,0,0
20180507,46,1,1,2,1,14,0,19,1,10,43,0,0.0%,0,0,0,0,0
20180508,46,1,1,2,1,14,0,19,1,10,43,0,0.0%,0,0,0,0,0
20180509,46,1,1,2,1,14,0,19,1,10,43,0,0.0%,0,0,0,0,0
20180510,46,1,1,2,1,14,0,19,1,10,43,0,0.0%,0,0,0,0,0
20180511,46,1,1,2,1,14,0,19,1,10,43,0,0.0%,0,0,0,0,0
20180512,46,1,1,2,1,14,0,19,1,10,43,0,0.0%,0,0,0,0,0
20180513,46,1,1,2,1,14,0,19,1,10,43,0,0.0%,0,0,0,0,0
20180514,46,1,1,2,1,14,0,19,1,10,43,0,0.0%,0,0,0,0,0
20180515,46,1,1,2,1,14,0,19,1,10,43,0,0.0%,0,0,0,0,0
20180516,46,1,1,2,1,14,0,19,1,10,43,0,0.0%,0,0,0,0,0
20180517,46,1,1,2,1,14,0,19,1,10,43,0,0.0%,0,0,0,0,0
20180518,46,1,1,2,1,14,0,19,1,10,43,0,0.0%,0,0,0,0,0
20180519,46,1,1,2,1,14,0,19,1,10,43,0,0.0%,0,0,0,0,0
20180520,46,1,1,2,1,14,0,19,1,10,43,0,0.0%,0,0,0,0,0
20180521,46,1,1,2,1,14,0,19,1,10,43,0,0.0%,0,0,0,0,0
20180522,46,1,1,2,1,14,0,19,1,10,43,0,0.0%,0,0,0,0,0
20180523,46,1,1,2,1,14,0,19,1,10,43,0,0.0%,0,0,0,0,0
20180524,46,1,1,2,1,14,0,19,1,10,43,0,0.0%,0,0,0,0,0
20180525,46,1,1,2,1,14,0,19,1,10,43,0,0.0%,0,0,0,0,0
20180526,46,1,1,2,1,14,0,19,1,10,43,0,0.0%,0,0,0,0,0
20180527,46,1,1,2,1,14,0,19,1,10,43,0,0.0%,0,0,0,0,0
20180528,46,1,1,2,1,14,0,19,1,10,43,0,0.0%,0,0,0,0,0
20180529,46,1,1,2,1,14,0,19,1,10,43,0,0.0%,0,0,0,0,0
20180530,46,1,1,2,1,14,0,19,1,10,43,0,0.0%,0,0,0,0,0
20180531,46,1,1,2,1,14,0,19,1,10,43,0,0.0%,0,0,0,0,0
20180601,46,1,1,2,1,14,0,19,1,10,43,0,0.0%,0,0,0,0,0
20180602,46,1,1,2,1,14,0,19,1,10,43,0,0.0%,0,0,0,0,0
20180603,46,1,1,2,1,14,0,19,1,10,43,0,0.0%,0,0,0,0,0
